﻿<?xml version="1.0" encoding="utf-8"?>
<HelpKI>

  <HelpKINode Title="ActionToTake property" Url="html/25d841ec-7db5-2a44-be83-cf23ef68e235.htm" />
  <HelpKINode Title="Assign method" Url="html/751e9845-8b1b-4862-0102-ecbc4731b9fb.htm" />
  <HelpKINode Title="BeginRequest(Of TContext) method" Url="html/f376c0aa-65e8-a10a-fddc-8121758025e7.htm" />
  <HelpKINode Title="BeginRequest&lt;TContext&gt; method" Url="html/f376c0aa-65e8-a10a-fddc-8121758025e7.htm" />
  <HelpKINode Title="Build method" Url="html/99dd1e5a-2af2-c215-8d85-bb8313fe21ac.htm" />
  <HelpKINode Title="Cancel property" Url="html/596d3df0-ee91-4316-386a-83eeca679984.htm" />
  <HelpKINode Title="Close method" Url="html/b2e78e54-c52f-893a-81fc-f518d6f8b63d.htm" />
  <HelpKINode Title="Commit method" Url="html/742f5adb-18b7-a4b6-d54e-d4954f456e45.htm" />
  <HelpKINode Title="Committed event" Url="html/9c590edb-514e-5aa9-6044-7cdd28a1af6b.htm" />
  <HelpKINode Title="ComponentAttribute class" Url="html/822c03f0-15cd-b236-29d4-f55698884381.htm" />
  <HelpKINode Title="ComponentAttribute class" Url="html/b22628b9-c609-f854-34f2-b3e39907893c.htm" />
  <HelpKINode Title="ComponentAttribute class">
    <HelpKINode Title="about ComponentAttribute class" Url="html/822c03f0-15cd-b236-29d4-f55698884381.htm" />
    <HelpKINode Title="all members" Url="html/b22628b9-c609-f854-34f2-b3e39907893c.htm" />
    <HelpKINode Title="constructor" Url="html/bfac417a-4f19-d0f4-43ed-e46c1a73be87.htm" />
    <HelpKINode Title="methods" Url="html/02c26c93-7e0b-2975-a0e2-5ef44c993210.htm" />
    <HelpKINode Title="properties" Url="html/7bb357ff-64ca-ed79-6222-cc38af406f51.htm" />
  </HelpKINode>
  <HelpKINode Title="ComponentAttribute.ComponentAttribute constructor" Url="html/bfac417a-4f19-d0f4-43ed-e46c1a73be87.htm" />
  <HelpKINode Title="ComponentAttribute.Flags property" Url="html/29438051-870a-8e1a-533d-fa3dc78ba4d6.htm" />
  <HelpKINode Title="ComponentFlags enumeration" Url="html/b43b632c-fa14-3ce4-b13c-6218809f11f3.htm" />
  <HelpKINode Title="Configure class" Url="html/b6ccd1e4-dac2-208d-1258-b37e17b4925b.htm" />
  <HelpKINode Title="Configure class" Url="html/d5d99462-dc23-c76e-046b-a5ec841f105d.htm" />
  <HelpKINode Title="Configure class">
    <HelpKINode Title="about Configure class" Url="html/d5d99462-dc23-c76e-046b-a5ec841f105d.htm" />
    <HelpKINode Title="all members" Url="html/b6ccd1e4-dac2-208d-1258-b37e17b4925b.htm" />
    <HelpKINode Title="methods" Url="html/edc2675b-787d-5775-5c4a-e55d4c02722a.htm" />
    <HelpKINode Title="properties" Url="html/0da0e33c-c197-ef95-e32d-4609dd14f257.htm" />
  </HelpKINode>
  <HelpKINode Title="Configure.Griffin property" Url="html/97db9406-b1d4-368d-eeec-cce0ea3f0d92.htm" />
  <HelpKINode Title="Convert method" Url="html/47137d71-6ef4-2904-84f4-958ef698cce1.htm" />
  <HelpKINode Title="Convert method" Url="html/95558bee-dcd7-1d8e-389c-6c72974814cf.htm" />
  <HelpKINode Title="ConvertAll(Of TFrom, TTo) method" Url="html/77d2ce09-52b4-2321-2ef5-20b168172be5.htm" />
  <HelpKINode Title="ConvertAll&lt;TFrom, TTo&gt; method" Url="html/77d2ce09-52b4-2321-2ef5-20b168172be5.htm" />
  <HelpKINode Title="Count method" Url="html/6dac71c1-b433-8b98-c5f4-7d0e1ffeff9b.htm" />
  <HelpKINode Title="Create method" Url="html/4e74417f-7241-5d33-d110-6a0c1c32d02f.htm" />
  <HelpKINode Title="Create method" Url="html/df87f466-eb5d-f413-e393-d49cf76123ef.htm" />
  <HelpKINode Title="CreateQuery method" Url="html/3618b7ae-7f75-f418-1073-449ef3b62550.htm" />
  <HelpKINode Title="Current property" Url="html/edfe1a9f-be62-e55a-8e99-09dc197b6ae8.htm" />
  <HelpKINode Title="Debug method" Url="html/032deb78-2bc4-92f7-6034-9d6a64ef8b76.htm" />
  <HelpKINode Title="EmptyStartableContext class" Url="html/8edb3b98-0b9c-b00e-68b5-cc4518509342.htm" />
  <HelpKINode Title="EmptyStartableContext class" Url="html/eded4aa8-85c1-3fa8-600a-eea9d0a73742.htm" />
  <HelpKINode Title="EmptyStartableContext class">
    <HelpKINode Title="about EmptyStartableContext class" Url="html/eded4aa8-85c1-3fa8-600a-eea9d0a73742.htm" />
    <HelpKINode Title="all members" Url="html/8edb3b98-0b9c-b00e-68b5-cc4518509342.htm" />
    <HelpKINode Title="methods" Url="html/dbc31266-e63f-5d76-9aef-c337f0a608fa.htm" />
    <HelpKINode Title="properties" Url="html/1915823b-d8d2-03d5-aaaf-aceb0bd93ae1.htm" />
  </HelpKINode>
  <HelpKINode Title="EmptyStartableContext.Instance property" Url="html/715869f5-081e-e693-4fdf-75ce3be29a85.htm" />
  <HelpKINode Title="EndRequest method" Url="html/bf448bff-cc80-09fb-0eec-a1cd37dd5008.htm" />
  <HelpKINode Title="Error method" Url="html/56d84200-c171-f837-2cf2-700aade0e97e.htm" />
  <HelpKINode Title="ExceptionPolicy enumeration" Url="html/ebdc8fd8-c7ae-5713-7e3f-535c0b373d79.htm" />
  <HelpKINode Title="ExceptionPolicyHandler class" Url="html/990200b5-38ad-82d3-5af6-cac74c6cbef2.htm" />
  <HelpKINode Title="ExceptionPolicyHandler class" Url="html/d13407f6-539a-706d-73f7-b49001c3ee42.htm" />
  <HelpKINode Title="ExceptionPolicyHandler class">
    <HelpKINode Title="about ExceptionPolicyHandler class" Url="html/990200b5-38ad-82d3-5af6-cac74c6cbef2.htm" />
    <HelpKINode Title="all members" Url="html/d13407f6-539a-706d-73f7-b49001c3ee42.htm" />
    <HelpKINode Title="events" Url="html/fbd29256-0474-6f81-526d-c27d69f78dda.htm" />
    <HelpKINode Title="methods" Url="html/9f8e53bf-b68d-e076-1a36-b9a4ad7c8459.htm" />
    <HelpKINode Title="properties" Url="html/d7165059-8b5b-4f72-5f40-c58680f923c9.htm" />
  </HelpKINode>
  <HelpKINode Title="ExceptionPolicyHandler.GotUnhandled method" Url="html/88ef0ab1-d6d0-0a46-05a0-92e50c5aaecb.htm" />
  <HelpKINode Title="ExceptionPolicyHandler.MainThreadId property" Url="html/c39e6137-618e-9b70-103e-f0194cb40a71.htm" />
  <HelpKINode Title="ExceptionPolicyHandler.UnhandledException event" Url="html/4c38c9ea-afab-3635-d4f0-b01e88e467e0.htm" />
  <HelpKINode Title="Find method" Url="html/fff8435f-a0b5-f31a-2c5f-a99f8b695147.htm" />
  <HelpKINode Title="FindAll method" Url="html/481f0f39-a2ea-a95f-d0c2-c3baf1b178f0.htm" />
  <HelpKINode Title="Flags property" Url="html/29438051-870a-8e1a-533d-fa3dc78ba4d6.htm" />
  <HelpKINode Title="Get method" Url="html/004dbfa4-bbe0-a9c5-bdf0-94d4f602d4a4.htm" />
  <HelpKINode Title="Get(Of TFrom, TTo) method" Url="html/c8eae1a9-3321-e595-1abc-9b03021b29b7.htm" />
  <HelpKINode Title="Get&lt;TFrom, TTo&gt; method" Url="html/c8eae1a9-3321-e595-1abc-9b03021b29b7.htm" />
  <HelpKINode Title="GetById method" Url="html/12bcf609-f1df-2dfc-c953-9373a7f2614a.htm" />
  <HelpKINode Title="GetLogger method" Url="html/1948230d-2113-9e94-d9f6-6c227a3d1a76.htm" />
  <HelpKINode Title="GetLogger method" Url="html/c8fb77e0-96e4-49ff-d18c-9aeb1c5e1f6c.htm" />
  <HelpKINode Title="GotUnhandled method" Url="html/88ef0ab1-d6d0-0a46-05a0-92e50c5aaecb.htm" />
  <HelpKINode Title="Griffin namespace" Url="html/0cfd3755-b33f-bcbc-526b-c3282a64065e.htm" />
  <HelpKINode Title="Griffin property" Url="html/97db9406-b1d4-368d-eeec-cce0ea3f0d92.htm" />
  <HelpKINode Title="Griffin.Configure class" Url="html/b6ccd1e4-dac2-208d-1258-b37e17b4925b.htm" />
  <HelpKINode Title="Griffin.Configure class" Url="html/d5d99462-dc23-c76e-046b-a5ec841f105d.htm" />
  <HelpKINode Title="Griffin.Converter namespace" Url="html/337c57ae-6723-1869-eed0-359d9aea1d68.htm" />
  <HelpKINode Title="Griffin.Converter.IConverter(Of TFrom, TTo) interface" Url="html/7879e469-e1f0-3f85-4eae-92ccd136da0d.htm" />
  <HelpKINode Title="Griffin.Converter.IConverter(Of TFrom, TTo) interface" Url="html/b0ff6922-a161-3ed7-fa92-0eafcd532880.htm" />
  <HelpKINode Title="Griffin.Converter.IConverter&lt;TFrom, TTo&gt; interface" Url="html/7879e469-e1f0-3f85-4eae-92ccd136da0d.htm" />
  <HelpKINode Title="Griffin.Converter.IConverter&lt;TFrom, TTo&gt; interface" Url="html/b0ff6922-a161-3ed7-fa92-0eafcd532880.htm" />
  <HelpKINode Title="Griffin.Converter.IConverterProvider interface" Url="html/0296c628-c756-ed36-5a5f-bb9ca0395a31.htm" />
  <HelpKINode Title="Griffin.Converter.IConverterProvider interface" Url="html/44f1125e-b8e4-1877-4bdb-48a7e2a135a1.htm" />
  <HelpKINode Title="Griffin.Converter.IConverterService interface" Url="html/1b329241-064a-f333-8ea8-2385a0fa9ce4.htm" />
  <HelpKINode Title="Griffin.Converter.IConverterService interface" Url="html/7788a080-584a-0d6b-1e4c-ede293cfa06b.htm" />
  <HelpKINode Title="Griffin.Data namespace" Url="html/b5cf6a78-bba7-1a23-9de9-fd1229474ab9.htm" />
  <HelpKINode Title="Griffin.Data.IDbSession interface" Url="html/2ea73b1b-4367-1030-0f84-7bf2353d0fca.htm" />
  <HelpKINode Title="Griffin.Data.IDbSession interface" Url="html/a36ab5ca-dbea-9008-c7e6-578451710ae8.htm" />
  <HelpKINode Title="Griffin.Data.IDbSessionFactory interface" Url="html/b56102d3-1fb0-7a24-19a5-eb60368ab4dd.htm" />
  <HelpKINode Title="Griffin.Data.IDbSessionFactory interface" Url="html/f41f71d8-2ef2-3c17-f155-8bd8ed4507ae.htm" />
  <HelpKINode Title="Griffin.Data.IDbTransaction interface" Url="html/0235a019-8793-ac4f-a0dd-4502f60246bf.htm" />
  <HelpKINode Title="Griffin.Data.IDbTransaction interface" Url="html/e6fa300b-01d9-df09-7c2f-96e9846c3387.htm" />
  <HelpKINode Title="Griffin.Data.Repository namespace" Url="html/050b7d84-7022-db14-d722-0ceb79e2815b.htm" />
  <HelpKINode Title="Griffin.Data.Repository.IQuery(Of TEntity) interface" Url="html/58ed6ef1-8e0d-2c15-0a80-e78e8a796836.htm" />
  <HelpKINode Title="Griffin.Data.Repository.IQuery(Of TEntity) interface" Url="html/8b028c00-f2f9-9250-24fe-7ed62ba103a8.htm" />
  <HelpKINode Title="Griffin.Data.Repository.IQuery&lt;TEntity&gt; interface" Url="html/58ed6ef1-8e0d-2c15-0a80-e78e8a796836.htm" />
  <HelpKINode Title="Griffin.Data.Repository.IQuery&lt;TEntity&gt; interface" Url="html/8b028c00-f2f9-9250-24fe-7ed62ba103a8.htm" />
  <HelpKINode Title="Griffin.Data.Repository.IRepository(Of TEntity, TKey) interface" Url="html/20849115-5fff-f3dd-6cfd-0cecbfe77af7.htm" />
  <HelpKINode Title="Griffin.Data.Repository.IRepository(Of TEntity, TKey) interface" Url="html/76d07918-58e0-02a9-8c25-089d937fff3b.htm" />
  <HelpKINode Title="Griffin.Data.Repository.IRepository&lt;TEntity, TKey&gt; interface" Url="html/20849115-5fff-f3dd-6cfd-0cecbfe77af7.htm" />
  <HelpKINode Title="Griffin.Data.Repository.IRepository&lt;TEntity, TKey&gt; interface" Url="html/76d07918-58e0-02a9-8c25-089d937fff3b.htm" />
  <HelpKINode Title="Griffin.Data.Repository.RepositoryException class" Url="html/14b29b66-a47b-fae9-f83b-029c7b117827.htm" />
  <HelpKINode Title="Griffin.Data.Repository.RepositoryException class" Url="html/faa4e922-7d0a-0d08-1fb1-89051004d741.htm" />
  <HelpKINode Title="Griffin.EmptyStartableContext class" Url="html/8edb3b98-0b9c-b00e-68b5-cc4518509342.htm" />
  <HelpKINode Title="Griffin.EmptyStartableContext class" Url="html/eded4aa8-85c1-3fa8-600a-eea9d0a73742.htm" />
  <HelpKINode Title="Griffin.ExceptionPolicy enumeration" Url="html/ebdc8fd8-c7ae-5713-7e3f-535c0b373d79.htm" />
  <HelpKINode Title="Griffin.ExceptionPolicyHandler class" Url="html/990200b5-38ad-82d3-5af6-cac74c6cbef2.htm" />
  <HelpKINode Title="Griffin.ExceptionPolicyHandler class" Url="html/d13407f6-539a-706d-73f7-b49001c3ee42.htm" />
  <HelpKINode Title="Griffin.InversionOfControl namespace" Url="html/bef86909-704d-6b1d-4d29-9c83e40f4474.htm" />
  <HelpKINode Title="Griffin.InversionOfControl.ComponentAttribute class" Url="html/822c03f0-15cd-b236-29d4-f55698884381.htm" />
  <HelpKINode Title="Griffin.InversionOfControl.ComponentAttribute class" Url="html/b22628b9-c609-f854-34f2-b3e39907893c.htm" />
  <HelpKINode Title="Griffin.InversionOfControl.ComponentFlags enumeration" Url="html/b43b632c-fa14-3ce4-b13c-6218809f11f3.htm" />
  <HelpKINode Title="Griffin.InversionOfControl.IContainerBuilder interface" Url="html/2777045f-6e2f-01b7-552f-2c5f0bb8245a.htm" />
  <HelpKINode Title="Griffin.InversionOfControl.IContainerBuilder interface" Url="html/a64f39a4-301e-49e7-755b-3b512bcda712.htm" />
  <HelpKINode Title="Griffin.InversionOfControl.IServiceLocator interface" Url="html/cfea11b1-249a-f7c4-df12-fe4f5631d00c.htm" />
  <HelpKINode Title="Griffin.InversionOfControl.IServiceLocator interface" Url="html/da33e1ba-b202-8c52-bd1f-1c8a146874f5.htm" />
  <HelpKINode Title="Griffin.InversionOfControl.Parameter class" Url="html/5404e7f6-5a08-2109-ba6d-227022f10642.htm" />
  <HelpKINode Title="Griffin.InversionOfControl.Parameter class" Url="html/b4f2d6ef-c9a5-5556-c2c7-818edcfd738e.htm" />
  <HelpKINode Title="Griffin.InversionOfControl.ServiceFeatureAttribute class" Url="html/52e15c55-4577-1a7b-2217-229e319dcb12.htm" />
  <HelpKINode Title="Griffin.InversionOfControl.ServiceFeatureAttribute class" Url="html/957af2e5-364a-d2a0-d32e-feedfcad7dc9.htm" />
  <HelpKINode Title="Griffin.IStartable interface" Url="html/80197420-357c-53d5-a62d-2fe91472fde6.htm" />
  <HelpKINode Title="Griffin.IStartable interface" Url="html/ddbca588-db92-cfb9-cee2-53a949c5ea0d.htm" />
  <HelpKINode Title="Griffin.IStartableContext interface" Url="html/cf8bc681-e94e-6b84-8e59-1d787ce93cf9.htm" />
  <HelpKINode Title="Griffin.Logging namespace" Url="html/fca57bdc-f772-fe07-6357-52df2bb5bb2c.htm" />
  <HelpKINode Title="Griffin.Logging.ILogger interface" Url="html/7c30a4e9-4a30-9d20-d52c-e7389abeddb8.htm" />
  <HelpKINode Title="Griffin.Logging.ILogger interface" Url="html/f504fed4-48aa-b6e2-eb3a-4a228a6d0650.htm" />
  <HelpKINode Title="Griffin.Logging.ILogManager interface" Url="html/04c24975-d03d-db83-8b91-a98e6c0aa8fc.htm" />
  <HelpKINode Title="Griffin.Logging.ILogManager interface" Url="html/20441e54-251f-e435-887a-d1c26ab8684e.htm" />
  <HelpKINode Title="Griffin.Logging.LogManager class" Url="html/3adfb766-0d10-0d47-cc7a-14779e51b02b.htm" />
  <HelpKINode Title="Griffin.Logging.LogManager class" Url="html/99a4e384-d356-73fb-3fc6-1093751dd0af.htm" />
  <HelpKINode Title="Griffin.Messaging namespace" Url="html/66cd9481-6fb9-0178-260f-0eaeb3957ba9.htm" />
  <HelpKINode Title="Griffin.Messaging.IHandlerOf(Of TRequestContext) interface" Url="html/4a01719e-5441-b9d9-ef3b-3db4eba3efbd.htm" />
  <HelpKINode Title="Griffin.Messaging.IHandlerOf(Of TRequestContext) interface" Url="html/f265452d-68af-5b53-ee7d-0cb4c3d8aeea.htm" />
  <HelpKINode Title="Griffin.Messaging.IHandlerOf&lt;TRequestContext&gt; interface" Url="html/4a01719e-5441-b9d9-ef3b-3db4eba3efbd.htm" />
  <HelpKINode Title="Griffin.Messaging.IHandlerOf&lt;TRequestContext&gt; interface" Url="html/f265452d-68af-5b53-ee7d-0cb4c3d8aeea.htm" />
  <HelpKINode Title="Griffin.Messaging.IMessage interface" Url="html/8ecb0864-9de0-b92a-4918-451af0a4d43a.htm" />
  <HelpKINode Title="Griffin.Messaging.IMessageBroker interface" Url="html/6ea294b5-ccfc-56a8-1d11-c00df893a165.htm" />
  <HelpKINode Title="Griffin.Messaging.IMessageBroker interface" Url="html/83393ae0-ded8-bc78-0a0a-78a89c7923c5.htm" />
  <HelpKINode Title="Griffin.Messaging.IRequest interface" Url="html/3d9763b9-785f-4aa9-8bd4-3134afb6b8d2.htm" />
  <HelpKINode Title="Griffin.Messaging.IRequestContext interface" Url="html/05a3476e-84b7-b69e-8ec3-7e923738b7ad.htm" />
  <HelpKINode Title="Griffin.Messaging.IRequestContext interface" Url="html/158a7f49-880f-4294-d934-aed7085c1485.htm" />
  <HelpKINode Title="Griffin.Messaging.IRequestContext(Of TRequest, TResponse) interface" Url="html/31cdb332-4b6f-3705-a34e-fc4ed4e6bc70.htm" />
  <HelpKINode Title="Griffin.Messaging.IRequestContext(Of TRequest, TResponse) interface" Url="html/8d465afd-b9df-9cec-4ed1-9c4a4a538dfb.htm" />
  <HelpKINode Title="Griffin.Messaging.IRequestContext&lt;TRequest, TResponse&gt; interface" Url="html/31cdb332-4b6f-3705-a34e-fc4ed4e6bc70.htm" />
  <HelpKINode Title="Griffin.Messaging.IRequestContext&lt;TRequest, TResponse&gt; interface" Url="html/8d465afd-b9df-9cec-4ed1-9c4a4a538dfb.htm" />
  <HelpKINode Title="Griffin.Messaging.IResponse interface" Url="html/769a6569-17bd-95e4-9bac-82d2af009a5d.htm" />
  <HelpKINode Title="Griffin.Messaging.ISubscriberOf(Of T) interface" Url="html/9e614eef-b0b3-b47a-3e88-0a24762968c7.htm" />
  <HelpKINode Title="Griffin.Messaging.ISubscriberOf(Of T) interface" Url="html/c35cddee-26df-45be-ec5a-e042b0b00255.htm" />
  <HelpKINode Title="Griffin.Messaging.ISubscriberOf&lt;T&gt; interface" Url="html/9e614eef-b0b3-b47a-3e88-0a24762968c7.htm" />
  <HelpKINode Title="Griffin.Messaging.ISubscriberOf&lt;T&gt; interface" Url="html/c35cddee-26df-45be-ec5a-e042b0b00255.htm" />
  <HelpKINode Title="Griffin.UnhandledExceptionEventArgs class" Url="html/0d4e347d-d183-5ce6-12f4-76be75679f5c.htm" />
  <HelpKINode Title="Griffin.UnhandledExceptionEventArgs class" Url="html/92891247-b0b3-b179-2ab1-6f0f0c1ef843.htm" />
  <HelpKINode Title="IContainerBuilder interface" Url="html/2777045f-6e2f-01b7-552f-2c5f0bb8245a.htm" />
  <HelpKINode Title="IContainerBuilder interface" Url="html/a64f39a4-301e-49e7-755b-3b512bcda712.htm" />
  <HelpKINode Title="IContainerBuilder interface">
    <HelpKINode Title="about IContainerBuilder interface" Url="html/a64f39a4-301e-49e7-755b-3b512bcda712.htm" />
    <HelpKINode Title="all members" Url="html/2777045f-6e2f-01b7-552f-2c5f0bb8245a.htm" />
    <HelpKINode Title="methods" Url="html/3bf638db-0a2c-a55b-f8b0-7ac4969340ad.htm" />
  </HelpKINode>
  <HelpKINode Title="IContainerBuilder.Build method" Url="html/99dd1e5a-2af2-c215-8d85-bb8313fe21ac.htm" />
  <HelpKINode Title="IContainerBuilder.Register method" Url="html/3bf825b5-2617-acc7-8a72-1ad0521f45e3.htm" />
  <HelpKINode Title="IContainerBuilder.RegisterInstance(Of TService) method" Url="html/f05db50a-be95-2c2c-679f-fbb7bd0a686e.htm" />
  <HelpKINode Title="IContainerBuilder.RegisterInstance&lt;TService&gt; method" Url="html/f05db50a-be95-2c2c-679f-fbb7bd0a686e.htm" />
  <HelpKINode Title="IContainerBuilder.Update method" Url="html/bc2218dd-6a71-d6fe-ebe9-e5b8ba3aaee4.htm" />
  <HelpKINode Title="IConverter(Of TFrom, TTo) interface" Url="html/7879e469-e1f0-3f85-4eae-92ccd136da0d.htm" />
  <HelpKINode Title="IConverter(Of TFrom, TTo) interface" Url="html/b0ff6922-a161-3ed7-fa92-0eafcd532880.htm" />
  <HelpKINode Title="IConverter(Of TFrom, TTo) interface">
    <HelpKINode Title="about IConverter(Of TFrom, TTo) interface" Url="html/7879e469-e1f0-3f85-4eae-92ccd136da0d.htm" />
    <HelpKINode Title="all members" Url="html/b0ff6922-a161-3ed7-fa92-0eafcd532880.htm" />
    <HelpKINode Title="methods" Url="html/ce881a2d-bf53-b8d2-8e87-b4675092f78e.htm" />
  </HelpKINode>
  <HelpKINode Title="IConverter(Of TFrom, TTo).Convert method" Url="html/47137d71-6ef4-2904-84f4-958ef698cce1.htm" />
  <HelpKINode Title="IConverter&lt;TFrom, TTo&gt; interface" Url="html/7879e469-e1f0-3f85-4eae-92ccd136da0d.htm" />
  <HelpKINode Title="IConverter&lt;TFrom, TTo&gt; interface" Url="html/b0ff6922-a161-3ed7-fa92-0eafcd532880.htm" />
  <HelpKINode Title="IConverter&lt;TFrom, TTo&gt; interface">
    <HelpKINode Title="about IConverter&lt;TFrom, TTo&gt; interface" Url="html/7879e469-e1f0-3f85-4eae-92ccd136da0d.htm" />
    <HelpKINode Title="all members" Url="html/b0ff6922-a161-3ed7-fa92-0eafcd532880.htm" />
    <HelpKINode Title="methods" Url="html/ce881a2d-bf53-b8d2-8e87-b4675092f78e.htm" />
  </HelpKINode>
  <HelpKINode Title="IConverter&lt;TFrom, TTo&gt;.Convert method" Url="html/47137d71-6ef4-2904-84f4-958ef698cce1.htm" />
  <HelpKINode Title="IConverterProvider interface" Url="html/0296c628-c756-ed36-5a5f-bb9ca0395a31.htm" />
  <HelpKINode Title="IConverterProvider interface" Url="html/44f1125e-b8e4-1877-4bdb-48a7e2a135a1.htm" />
  <HelpKINode Title="IConverterProvider interface">
    <HelpKINode Title="about IConverterProvider interface" Url="html/44f1125e-b8e4-1877-4bdb-48a7e2a135a1.htm" />
    <HelpKINode Title="all members" Url="html/0296c628-c756-ed36-5a5f-bb9ca0395a31.htm" />
    <HelpKINode Title="methods" Url="html/af9f688d-c2df-d156-d2b4-b588956c3349.htm" />
  </HelpKINode>
  <HelpKINode Title="IConverterProvider.Get(Of TFrom, TTo) method" Url="html/c8eae1a9-3321-e595-1abc-9b03021b29b7.htm" />
  <HelpKINode Title="IConverterProvider.Get&lt;TFrom, TTo&gt; method" Url="html/c8eae1a9-3321-e595-1abc-9b03021b29b7.htm" />
  <HelpKINode Title="IConverterService interface" Url="html/1b329241-064a-f333-8ea8-2385a0fa9ce4.htm" />
  <HelpKINode Title="IConverterService interface" Url="html/7788a080-584a-0d6b-1e4c-ede293cfa06b.htm" />
  <HelpKINode Title="IConverterService interface">
    <HelpKINode Title="about IConverterService interface" Url="html/7788a080-584a-0d6b-1e4c-ede293cfa06b.htm" />
    <HelpKINode Title="all members" Url="html/1b329241-064a-f333-8ea8-2385a0fa9ce4.htm" />
    <HelpKINode Title="methods" Url="html/41d031fd-ccdd-8a9b-f682-ae5a84837ef7.htm" />
  </HelpKINode>
  <HelpKINode Title="IConverterService.Convert method" Url="html/95558bee-dcd7-1d8e-389c-6c72974814cf.htm" />
  <HelpKINode Title="IConverterService.ConvertAll(Of TFrom, TTo) method" Url="html/77d2ce09-52b4-2321-2ef5-20b168172be5.htm" />
  <HelpKINode Title="IConverterService.ConvertAll&lt;TFrom, TTo&gt; method" Url="html/77d2ce09-52b4-2321-2ef5-20b168172be5.htm" />
  <HelpKINode Title="IConverterService.Register method" Url="html/8368e9be-3838-4d3e-3753-1fe1c52ac41b.htm" />
  <HelpKINode Title="IDbSession interface" Url="html/2ea73b1b-4367-1030-0f84-7bf2353d0fca.htm" />
  <HelpKINode Title="IDbSession interface" Url="html/a36ab5ca-dbea-9008-c7e6-578451710ae8.htm" />
  <HelpKINode Title="IDbSession interface">
    <HelpKINode Title="about IDbSession interface" Url="html/a36ab5ca-dbea-9008-c7e6-578451710ae8.htm" />
    <HelpKINode Title="all members" Url="html/2ea73b1b-4367-1030-0f84-7bf2353d0fca.htm" />
    <HelpKINode Title="methods" Url="html/5a82778f-479d-de6e-274b-26f1c932f24e.htm" />
  </HelpKINode>
  <HelpKINode Title="IDbSession.Create method" Url="html/df87f466-eb5d-f413-e393-d49cf76123ef.htm" />
  <HelpKINode Title="IDbSessionFactory interface" Url="html/b56102d3-1fb0-7a24-19a5-eb60368ab4dd.htm" />
  <HelpKINode Title="IDbSessionFactory interface" Url="html/f41f71d8-2ef2-3c17-f155-8bd8ed4507ae.htm" />
  <HelpKINode Title="IDbSessionFactory interface">
    <HelpKINode Title="about IDbSessionFactory interface" Url="html/b56102d3-1fb0-7a24-19a5-eb60368ab4dd.htm" />
    <HelpKINode Title="all members" Url="html/f41f71d8-2ef2-3c17-f155-8bd8ed4507ae.htm" />
    <HelpKINode Title="methods" Url="html/b32c8b5b-db0d-b0d7-a55a-1b7dd66091a1.htm" />
    <HelpKINode Title="properties" Url="html/380ac02d-c860-f3c6-241d-3bff4557ce63.htm" />
  </HelpKINode>
  <HelpKINode Title="IDbSessionFactory.Close method" Url="html/b2e78e54-c52f-893a-81fc-f518d6f8b63d.htm" />
  <HelpKINode Title="IDbSessionFactory.Create method" Url="html/4e74417f-7241-5d33-d110-6a0c1c32d02f.htm" />
  <HelpKINode Title="IDbSessionFactory.Current property" Url="html/edfe1a9f-be62-e55a-8e99-09dc197b6ae8.htm" />
  <HelpKINode Title="IDbTransaction interface" Url="html/0235a019-8793-ac4f-a0dd-4502f60246bf.htm" />
  <HelpKINode Title="IDbTransaction interface" Url="html/e6fa300b-01d9-df09-7c2f-96e9846c3387.htm" />
  <HelpKINode Title="IDbTransaction interface">
    <HelpKINode Title="about IDbTransaction interface" Url="html/0235a019-8793-ac4f-a0dd-4502f60246bf.htm" />
    <HelpKINode Title="all members" Url="html/e6fa300b-01d9-df09-7c2f-96e9846c3387.htm" />
    <HelpKINode Title="events" Url="html/1cb23bb1-4aa5-3f8d-ad13-26e0431865d8.htm" />
    <HelpKINode Title="methods" Url="html/fd1a162a-5834-7849-6e5a-16bc6221ed6a.htm" />
  </HelpKINode>
  <HelpKINode Title="IDbTransaction.Commit method" Url="html/742f5adb-18b7-a4b6-d54e-d4954f456e45.htm" />
  <HelpKINode Title="IDbTransaction.Committed event" Url="html/9c590edb-514e-5aa9-6044-7cdd28a1af6b.htm" />
  <HelpKINode Title="IDbTransaction.Rollback method" Url="html/f5d56b92-d093-20dd-f7a7-a1f7325cf0cf.htm" />
  <HelpKINode Title="IDbTransaction.RolledBack event" Url="html/80e00065-8193-76d3-9df6-cf6bbd52a296.htm" />
  <HelpKINode Title="Ignore enumeration member" Url="html/ebdc8fd8-c7ae-5713-7e3f-535c0b373d79.htm" />
  <HelpKINode Title="IHandlerOf(Of TRequestContext) interface" Url="html/4a01719e-5441-b9d9-ef3b-3db4eba3efbd.htm" />
  <HelpKINode Title="IHandlerOf(Of TRequestContext) interface" Url="html/f265452d-68af-5b53-ee7d-0cb4c3d8aeea.htm" />
  <HelpKINode Title="IHandlerOf(Of TRequestContext) interface">
    <HelpKINode Title="about IHandlerOf(Of TRequestContext) interface" Url="html/4a01719e-5441-b9d9-ef3b-3db4eba3efbd.htm" />
    <HelpKINode Title="all members" Url="html/f265452d-68af-5b53-ee7d-0cb4c3d8aeea.htm" />
    <HelpKINode Title="methods" Url="html/ec3ccbe8-6a56-1dc9-7385-b0974b3c75a6.htm" />
  </HelpKINode>
  <HelpKINode Title="IHandlerOf(Of TRequestContext).ProcessRequest method" Url="html/6f141fea-3468-9935-e02a-e0ccd197b404.htm" />
  <HelpKINode Title="IHandlerOf&lt;TRequestContext&gt; interface" Url="html/4a01719e-5441-b9d9-ef3b-3db4eba3efbd.htm" />
  <HelpKINode Title="IHandlerOf&lt;TRequestContext&gt; interface" Url="html/f265452d-68af-5b53-ee7d-0cb4c3d8aeea.htm" />
  <HelpKINode Title="IHandlerOf&lt;TRequestContext&gt; interface">
    <HelpKINode Title="about IHandlerOf&lt;TRequestContext&gt; interface" Url="html/4a01719e-5441-b9d9-ef3b-3db4eba3efbd.htm" />
    <HelpKINode Title="all members" Url="html/f265452d-68af-5b53-ee7d-0cb4c3d8aeea.htm" />
    <HelpKINode Title="methods" Url="html/ec3ccbe8-6a56-1dc9-7385-b0974b3c75a6.htm" />
  </HelpKINode>
  <HelpKINode Title="IHandlerOf&lt;TRequestContext&gt;.ProcessRequest method" Url="html/6f141fea-3468-9935-e02a-e0ccd197b404.htm" />
  <HelpKINode Title="ILogger interface" Url="html/7c30a4e9-4a30-9d20-d52c-e7389abeddb8.htm" />
  <HelpKINode Title="ILogger interface" Url="html/f504fed4-48aa-b6e2-eb3a-4a228a6d0650.htm" />
  <HelpKINode Title="ILogger interface">
    <HelpKINode Title="about ILogger interface" Url="html/7c30a4e9-4a30-9d20-d52c-e7389abeddb8.htm" />
    <HelpKINode Title="all members" Url="html/f504fed4-48aa-b6e2-eb3a-4a228a6d0650.htm" />
    <HelpKINode Title="methods" Url="html/bf9ce043-9a31-0f17-e28c-a062a66273bc.htm" />
  </HelpKINode>
  <HelpKINode Title="ILogger.Debug method" Url="html/032deb78-2bc4-92f7-6034-9d6a64ef8b76.htm" />
  <HelpKINode Title="ILogger.Error method" Url="html/56d84200-c171-f837-2cf2-700aade0e97e.htm" />
  <HelpKINode Title="ILogger.Info method" Url="html/654d0df7-3103-b86f-4f8a-ecee7430c267.htm" />
  <HelpKINode Title="ILogger.Warning method" Url="html/9092ac31-365e-7d54-eb71-4b01a5630810.htm" />
  <HelpKINode Title="ILogManager interface" Url="html/04c24975-d03d-db83-8b91-a98e6c0aa8fc.htm" />
  <HelpKINode Title="ILogManager interface" Url="html/20441e54-251f-e435-887a-d1c26ab8684e.htm" />
  <HelpKINode Title="ILogManager interface">
    <HelpKINode Title="about ILogManager interface" Url="html/04c24975-d03d-db83-8b91-a98e6c0aa8fc.htm" />
    <HelpKINode Title="all members" Url="html/20441e54-251f-e435-887a-d1c26ab8684e.htm" />
    <HelpKINode Title="methods" Url="html/fc7eee5f-790e-cc16-a948-1cee8aca66e8.htm" />
  </HelpKINode>
  <HelpKINode Title="ILogManager.GetLogger method" Url="html/c8fb77e0-96e4-49ff-d18c-9aeb1c5e1f6c.htm" />
  <HelpKINode Title="IMessage interface" Url="html/8ecb0864-9de0-b92a-4918-451af0a4d43a.htm" />
  <HelpKINode Title="IMessage interface">
    <HelpKINode Title="about IMessage interface" Url="html/8ecb0864-9de0-b92a-4918-451af0a4d43a.htm" />
  </HelpKINode>
  <HelpKINode Title="IMessageBroker interface" Url="html/6ea294b5-ccfc-56a8-1d11-c00df893a165.htm" />
  <HelpKINode Title="IMessageBroker interface" Url="html/83393ae0-ded8-bc78-0a0a-78a89c7923c5.htm" />
  <HelpKINode Title="IMessageBroker interface">
    <HelpKINode Title="about IMessageBroker interface" Url="html/6ea294b5-ccfc-56a8-1d11-c00df893a165.htm" />
    <HelpKINode Title="all members" Url="html/83393ae0-ded8-bc78-0a0a-78a89c7923c5.htm" />
    <HelpKINode Title="methods" Url="html/6ddf4a36-c786-3bdc-3d2b-83436dfc71d0.htm" />
  </HelpKINode>
  <HelpKINode Title="IMessageBroker.BeginRequest(Of TContext) method" Url="html/f376c0aa-65e8-a10a-fddc-8121758025e7.htm" />
  <HelpKINode Title="IMessageBroker.BeginRequest&lt;TContext&gt; method" Url="html/f376c0aa-65e8-a10a-fddc-8121758025e7.htm" />
  <HelpKINode Title="IMessageBroker.EndRequest method" Url="html/bf448bff-cc80-09fb-0eec-a1cd37dd5008.htm" />
  <HelpKINode Title="IMessageBroker.Publish(Of T) method" Url="html/10088cdb-f594-ac31-9d38-652f8cc91942.htm" />
  <HelpKINode Title="IMessageBroker.Publish&lt;T&gt; method" Url="html/10088cdb-f594-ac31-9d38-652f8cc91942.htm" />
  <HelpKINode Title="Info method" Url="html/654d0df7-3103-b86f-4f8a-ecee7430c267.htm" />
  <HelpKINode Title="Instance property" Url="html/715869f5-081e-e693-4fdf-75ce3be29a85.htm" />
  <HelpKINode Title="IQuery(Of TEntity) interface" Url="html/58ed6ef1-8e0d-2c15-0a80-e78e8a796836.htm" />
  <HelpKINode Title="IQuery(Of TEntity) interface" Url="html/8b028c00-f2f9-9250-24fe-7ed62ba103a8.htm" />
  <HelpKINode Title="IQuery(Of TEntity) interface">
    <HelpKINode Title="about IQuery(Of TEntity) interface" Url="html/8b028c00-f2f9-9250-24fe-7ed62ba103a8.htm" />
    <HelpKINode Title="all members" Url="html/58ed6ef1-8e0d-2c15-0a80-e78e8a796836.htm" />
    <HelpKINode Title="methods" Url="html/09151902-53f4-9c7f-4051-29c7f8d6cabd.htm" />
  </HelpKINode>
  <HelpKINode Title="IQuery(Of TEntity).Paging method" Url="html/bde47c79-2c55-2d35-b43e-7e307c45c245.htm" />
  <HelpKINode Title="IQuery(Of TEntity).SortBy method" Url="html/14bb6c55-f976-352a-a428-808695b9680e.htm" />
  <HelpKINode Title="IQuery(Of TEntity).SortByDescending method" Url="html/d01e1506-9698-a02d-d970-da22a7d78aac.htm" />
  <HelpKINode Title="IQuery(Of TEntity).Where method" Url="html/4c3a3404-a5eb-f109-1443-4fb224bfb4bf.htm" />
  <HelpKINode Title="IQuery&lt;TEntity&gt; interface" Url="html/58ed6ef1-8e0d-2c15-0a80-e78e8a796836.htm" />
  <HelpKINode Title="IQuery&lt;TEntity&gt; interface" Url="html/8b028c00-f2f9-9250-24fe-7ed62ba103a8.htm" />
  <HelpKINode Title="IQuery&lt;TEntity&gt; interface">
    <HelpKINode Title="about IQuery&lt;TEntity&gt; interface" Url="html/8b028c00-f2f9-9250-24fe-7ed62ba103a8.htm" />
    <HelpKINode Title="all members" Url="html/58ed6ef1-8e0d-2c15-0a80-e78e8a796836.htm" />
    <HelpKINode Title="methods" Url="html/09151902-53f4-9c7f-4051-29c7f8d6cabd.htm" />
  </HelpKINode>
  <HelpKINode Title="IQuery&lt;TEntity&gt;.Paging method" Url="html/bde47c79-2c55-2d35-b43e-7e307c45c245.htm" />
  <HelpKINode Title="IQuery&lt;TEntity&gt;.SortBy method" Url="html/14bb6c55-f976-352a-a428-808695b9680e.htm" />
  <HelpKINode Title="IQuery&lt;TEntity&gt;.SortByDescending method" Url="html/d01e1506-9698-a02d-d970-da22a7d78aac.htm" />
  <HelpKINode Title="IQuery&lt;TEntity&gt;.Where method" Url="html/4c3a3404-a5eb-f109-1443-4fb224bfb4bf.htm" />
  <HelpKINode Title="IRepository(Of TEntity, TKey) interface" Url="html/20849115-5fff-f3dd-6cfd-0cecbfe77af7.htm" />
  <HelpKINode Title="IRepository(Of TEntity, TKey) interface" Url="html/76d07918-58e0-02a9-8c25-089d937fff3b.htm" />
  <HelpKINode Title="IRepository(Of TEntity, TKey) interface">
    <HelpKINode Title="about IRepository(Of TEntity, TKey) interface" Url="html/20849115-5fff-f3dd-6cfd-0cecbfe77af7.htm" />
    <HelpKINode Title="all members" Url="html/76d07918-58e0-02a9-8c25-089d937fff3b.htm" />
    <HelpKINode Title="methods" Url="html/12fb80c5-5392-51b8-83a7-436e45062e10.htm" />
  </HelpKINode>
  <HelpKINode Title="IRepository(Of TEntity, TKey).Count method" Url="html/6dac71c1-b433-8b98-c5f4-7d0e1ffeff9b.htm" />
  <HelpKINode Title="IRepository(Of TEntity, TKey).CreateQuery method" Url="html/3618b7ae-7f75-f418-1073-449ef3b62550.htm" />
  <HelpKINode Title="IRepository(Of TEntity, TKey).Find method" Url="html/fff8435f-a0b5-f31a-2c5f-a99f8b695147.htm" />
  <HelpKINode Title="IRepository(Of TEntity, TKey).FindAll method" Url="html/481f0f39-a2ea-a95f-d0c2-c3baf1b178f0.htm" />
  <HelpKINode Title="IRepository(Of TEntity, TKey).Get method" Url="html/004dbfa4-bbe0-a9c5-bdf0-94d4f602d4a4.htm" />
  <HelpKINode Title="IRepository(Of TEntity, TKey).GetById method" Url="html/12bcf609-f1df-2dfc-c953-9373a7f2614a.htm" />
  <HelpKINode Title="IRepository(Of TEntity, TKey).Remove method" Url="html/a9c46281-6467-46db-a08b-d0a89edf72c3.htm" />
  <HelpKINode Title="IRepository(Of TEntity, TKey).RemoveById method" Url="html/ce0942f6-5eb5-8eee-1339-89a2bab74028.htm" />
  <HelpKINode Title="IRepository(Of TEntity, TKey).Save method" Url="html/25712ca2-57f0-48b6-462b-4d21cabc88fa.htm" />
  <HelpKINode Title="IRepository&lt;TEntity, TKey&gt; interface" Url="html/20849115-5fff-f3dd-6cfd-0cecbfe77af7.htm" />
  <HelpKINode Title="IRepository&lt;TEntity, TKey&gt; interface" Url="html/76d07918-58e0-02a9-8c25-089d937fff3b.htm" />
  <HelpKINode Title="IRepository&lt;TEntity, TKey&gt; interface">
    <HelpKINode Title="about IRepository&lt;TEntity, TKey&gt; interface" Url="html/20849115-5fff-f3dd-6cfd-0cecbfe77af7.htm" />
    <HelpKINode Title="all members" Url="html/76d07918-58e0-02a9-8c25-089d937fff3b.htm" />
    <HelpKINode Title="methods" Url="html/12fb80c5-5392-51b8-83a7-436e45062e10.htm" />
  </HelpKINode>
  <HelpKINode Title="IRepository&lt;TEntity, TKey&gt;.Count method" Url="html/6dac71c1-b433-8b98-c5f4-7d0e1ffeff9b.htm" />
  <HelpKINode Title="IRepository&lt;TEntity, TKey&gt;.CreateQuery method" Url="html/3618b7ae-7f75-f418-1073-449ef3b62550.htm" />
  <HelpKINode Title="IRepository&lt;TEntity, TKey&gt;.Find method" Url="html/fff8435f-a0b5-f31a-2c5f-a99f8b695147.htm" />
  <HelpKINode Title="IRepository&lt;TEntity, TKey&gt;.FindAll method" Url="html/481f0f39-a2ea-a95f-d0c2-c3baf1b178f0.htm" />
  <HelpKINode Title="IRepository&lt;TEntity, TKey&gt;.Get method" Url="html/004dbfa4-bbe0-a9c5-bdf0-94d4f602d4a4.htm" />
  <HelpKINode Title="IRepository&lt;TEntity, TKey&gt;.GetById method" Url="html/12bcf609-f1df-2dfc-c953-9373a7f2614a.htm" />
  <HelpKINode Title="IRepository&lt;TEntity, TKey&gt;.Remove method" Url="html/a9c46281-6467-46db-a08b-d0a89edf72c3.htm" />
  <HelpKINode Title="IRepository&lt;TEntity, TKey&gt;.RemoveById method" Url="html/ce0942f6-5eb5-8eee-1339-89a2bab74028.htm" />
  <HelpKINode Title="IRepository&lt;TEntity, TKey&gt;.Save method" Url="html/25712ca2-57f0-48b6-462b-4d21cabc88fa.htm" />
  <HelpKINode Title="IRequest interface" Url="html/3d9763b9-785f-4aa9-8bd4-3134afb6b8d2.htm" />
  <HelpKINode Title="IRequest interface">
    <HelpKINode Title="about IRequest interface" Url="html/3d9763b9-785f-4aa9-8bd4-3134afb6b8d2.htm" />
  </HelpKINode>
  <HelpKINode Title="IRequestContext interface" Url="html/05a3476e-84b7-b69e-8ec3-7e923738b7ad.htm" />
  <HelpKINode Title="IRequestContext interface" Url="html/158a7f49-880f-4294-d934-aed7085c1485.htm" />
  <HelpKINode Title="IRequestContext interface">
    <HelpKINode Title="about IRequestContext interface" Url="html/158a7f49-880f-4294-d934-aed7085c1485.htm" />
    <HelpKINode Title="all members" Url="html/05a3476e-84b7-b69e-8ec3-7e923738b7ad.htm" />
    <HelpKINode Title="properties" Url="html/aeaf4674-3086-12ad-d402-cec9268e4f5e.htm" />
  </HelpKINode>
  <HelpKINode Title="IRequestContext(Of TRequest, TResponse) interface" Url="html/31cdb332-4b6f-3705-a34e-fc4ed4e6bc70.htm" />
  <HelpKINode Title="IRequestContext(Of TRequest, TResponse) interface" Url="html/8d465afd-b9df-9cec-4ed1-9c4a4a538dfb.htm" />
  <HelpKINode Title="IRequestContext(Of TRequest, TResponse) interface">
    <HelpKINode Title="about IRequestContext(Of TRequest, TResponse) interface" Url="html/8d465afd-b9df-9cec-4ed1-9c4a4a538dfb.htm" />
    <HelpKINode Title="all members" Url="html/31cdb332-4b6f-3705-a34e-fc4ed4e6bc70.htm" />
    <HelpKINode Title="properties" Url="html/2847ee26-da13-175f-1ed0-6e7966c566cf.htm" />
  </HelpKINode>
  <HelpKINode Title="IRequestContext(Of TRequest, TResponse).Request property" Url="html/eb23ea03-4442-1cef-dd46-68d44bc61017.htm" />
  <HelpKINode Title="IRequestContext(Of TRequest, TResponse).Response property" Url="html/f072db9f-fb49-f4f2-7778-07a5892e6c8a.htm" />
  <HelpKINode Title="IRequestContext.Cancel property" Url="html/596d3df0-ee91-4316-386a-83eeca679984.htm" />
  <HelpKINode Title="IRequestContext&lt;TRequest, TResponse&gt; interface" Url="html/31cdb332-4b6f-3705-a34e-fc4ed4e6bc70.htm" />
  <HelpKINode Title="IRequestContext&lt;TRequest, TResponse&gt; interface" Url="html/8d465afd-b9df-9cec-4ed1-9c4a4a538dfb.htm" />
  <HelpKINode Title="IRequestContext&lt;TRequest, TResponse&gt; interface">
    <HelpKINode Title="about IRequestContext&lt;TRequest, TResponse&gt; interface" Url="html/8d465afd-b9df-9cec-4ed1-9c4a4a538dfb.htm" />
    <HelpKINode Title="all members" Url="html/31cdb332-4b6f-3705-a34e-fc4ed4e6bc70.htm" />
    <HelpKINode Title="properties" Url="html/2847ee26-da13-175f-1ed0-6e7966c566cf.htm" />
  </HelpKINode>
  <HelpKINode Title="IRequestContext&lt;TRequest, TResponse&gt;.Request property" Url="html/eb23ea03-4442-1cef-dd46-68d44bc61017.htm" />
  <HelpKINode Title="IRequestContext&lt;TRequest, TResponse&gt;.Response property" Url="html/f072db9f-fb49-f4f2-7778-07a5892e6c8a.htm" />
  <HelpKINode Title="IResponse interface" Url="html/769a6569-17bd-95e4-9bac-82d2af009a5d.htm" />
  <HelpKINode Title="IResponse interface">
    <HelpKINode Title="about IResponse interface" Url="html/769a6569-17bd-95e4-9bac-82d2af009a5d.htm" />
  </HelpKINode>
  <HelpKINode Title="IServiceLocator interface" Url="html/cfea11b1-249a-f7c4-df12-fe4f5631d00c.htm" />
  <HelpKINode Title="IServiceLocator interface" Url="html/da33e1ba-b202-8c52-bd1f-1c8a146874f5.htm" />
  <HelpKINode Title="IServiceLocator interface">
    <HelpKINode Title="about IServiceLocator interface" Url="html/cfea11b1-249a-f7c4-df12-fe4f5631d00c.htm" />
    <HelpKINode Title="all members" Url="html/da33e1ba-b202-8c52-bd1f-1c8a146874f5.htm" />
    <HelpKINode Title="methods" Url="html/a6bdcd12-8862-3d44-1efc-71a87afa541a.htm" />
  </HelpKINode>
  <HelpKINode Title="IServiceLocator.Resolve method" Url="html/26ff1d1b-6253-5bda-7f5d-3d7b9c50d247.htm" />
  <HelpKINode Title="IServiceLocator.ResolveAll(Of T) method" Url="html/0073602d-a44c-6992-98f2-485cca0de987.htm" />
  <HelpKINode Title="IServiceLocator.ResolveAll&lt;T&gt; method" Url="html/0073602d-a44c-6992-98f2-485cca0de987.htm" />
  <HelpKINode Title="IStartable interface" Url="html/80197420-357c-53d5-a62d-2fe91472fde6.htm" />
  <HelpKINode Title="IStartable interface" Url="html/ddbca588-db92-cfb9-cee2-53a949c5ea0d.htm" />
  <HelpKINode Title="IStartable interface">
    <HelpKINode Title="about IStartable interface" Url="html/80197420-357c-53d5-a62d-2fe91472fde6.htm" />
    <HelpKINode Title="all members" Url="html/ddbca588-db92-cfb9-cee2-53a949c5ea0d.htm" />
    <HelpKINode Title="methods" Url="html/9b5ba8c2-4209-3130-56af-a071e20b1eed.htm" />
  </HelpKINode>
  <HelpKINode Title="IStartable.Start method" Url="html/ec3c8d6b-dfc5-3c13-a5c4-606f01ccb920.htm" />
  <HelpKINode Title="IStartable.Stop method" Url="html/0cae8a95-abce-83b0-a946-fc2d01fd95c7.htm" />
  <HelpKINode Title="IStartableContext interface" Url="html/cf8bc681-e94e-6b84-8e59-1d787ce93cf9.htm" />
  <HelpKINode Title="IStartableContext interface">
    <HelpKINode Title="about IStartableContext interface" Url="html/cf8bc681-e94e-6b84-8e59-1d787ce93cf9.htm" />
  </HelpKINode>
  <HelpKINode Title="ISubscriberOf(Of T) interface" Url="html/9e614eef-b0b3-b47a-3e88-0a24762968c7.htm" />
  <HelpKINode Title="ISubscriberOf(Of T) interface" Url="html/c35cddee-26df-45be-ec5a-e042b0b00255.htm" />
  <HelpKINode Title="ISubscriberOf(Of T) interface">
    <HelpKINode Title="about ISubscriberOf(Of T) interface" Url="html/9e614eef-b0b3-b47a-3e88-0a24762968c7.htm" />
    <HelpKINode Title="all members" Url="html/c35cddee-26df-45be-ec5a-e042b0b00255.htm" />
    <HelpKINode Title="methods" Url="html/415f772e-b165-c8b7-1514-4978830a2fd8.htm" />
  </HelpKINode>
  <HelpKINode Title="ISubscriberOf(Of T).ProcessMessage method" Url="html/0c86a721-b2c5-f142-7d70-6f33949e98e5.htm" />
  <HelpKINode Title="ISubscriberOf&lt;T&gt; interface" Url="html/9e614eef-b0b3-b47a-3e88-0a24762968c7.htm" />
  <HelpKINode Title="ISubscriberOf&lt;T&gt; interface" Url="html/c35cddee-26df-45be-ec5a-e042b0b00255.htm" />
  <HelpKINode Title="ISubscriberOf&lt;T&gt; interface">
    <HelpKINode Title="about ISubscriberOf&lt;T&gt; interface" Url="html/9e614eef-b0b3-b47a-3e88-0a24762968c7.htm" />
    <HelpKINode Title="all members" Url="html/c35cddee-26df-45be-ec5a-e042b0b00255.htm" />
    <HelpKINode Title="methods" Url="html/415f772e-b165-c8b7-1514-4978830a2fd8.htm" />
  </HelpKINode>
  <HelpKINode Title="ISubscriberOf&lt;T&gt;.ProcessMessage method" Url="html/0c86a721-b2c5-f142-7d70-6f33949e98e5.htm" />
  <HelpKINode Title="LogManager class" Url="html/3adfb766-0d10-0d47-cc7a-14779e51b02b.htm" />
  <HelpKINode Title="LogManager class" Url="html/99a4e384-d356-73fb-3fc6-1093751dd0af.htm" />
  <HelpKINode Title="LogManager class">
    <HelpKINode Title="about LogManager class" Url="html/3adfb766-0d10-0d47-cc7a-14779e51b02b.htm" />
    <HelpKINode Title="all members" Url="html/99a4e384-d356-73fb-3fc6-1093751dd0af.htm" />
    <HelpKINode Title="constructor" Url="html/08982807-bd75-c4c6-b028-14f831c20c0e.htm" />
    <HelpKINode Title="methods" Url="html/97301648-809b-2602-b3ba-db69f8600764.htm" />
  </HelpKINode>
  <HelpKINode Title="LogManager.Assign method" Url="html/751e9845-8b1b-4862-0102-ecbc4731b9fb.htm" />
  <HelpKINode Title="LogManager.GetLogger method" Url="html/1948230d-2113-9e94-d9f6-6c227a3d1a76.htm" />
  <HelpKINode Title="LogManager.LogManager constructor" Url="html/08982807-bd75-c4c6-b028-14f831c20c0e.htm" />
  <HelpKINode Title="MainThreadId property" Url="html/c39e6137-618e-9b70-103e-f0194cb40a71.htm" />
  <HelpKINode Title="Message property" Url="html/e8b20299-1df2-e89f-0f9d-e569516dcb42.htm" />
  <HelpKINode Title="Name property" Url="html/7de0990d-a64b-243e-2c4c-0bd4efd762be.htm" />
  <HelpKINode Title="Paging method" Url="html/bde47c79-2c55-2d35-b43e-7e307c45c245.htm" />
  <HelpKINode Title="Parameter class" Url="html/5404e7f6-5a08-2109-ba6d-227022f10642.htm" />
  <HelpKINode Title="Parameter class" Url="html/b4f2d6ef-c9a5-5556-c2c7-818edcfd738e.htm" />
  <HelpKINode Title="Parameter class">
    <HelpKINode Title="about Parameter class" Url="html/5404e7f6-5a08-2109-ba6d-227022f10642.htm" />
    <HelpKINode Title="all members" Url="html/b4f2d6ef-c9a5-5556-c2c7-818edcfd738e.htm" />
    <HelpKINode Title="constructor" Url="html/c5268239-ad38-bff1-0c3e-44f7bfd5e64a.htm" />
    <HelpKINode Title="methods" Url="html/2bedefd4-50af-5db4-39ff-3055d55510ef.htm" />
    <HelpKINode Title="properties" Url="html/85b292be-4fec-ba28-73e8-4da63ed593b4.htm" />
  </HelpKINode>
  <HelpKINode Title="Parameter.Name property" Url="html/7de0990d-a64b-243e-2c4c-0bd4efd762be.htm" />
  <HelpKINode Title="Parameter.Parameter constructor" Url="html/c5268239-ad38-bff1-0c3e-44f7bfd5e64a.htm" />
  <HelpKINode Title="Parameter.Value property" Url="html/a560ac75-49bd-fe55-1703-955ec24d56ee.htm" />
  <HelpKINode Title="Parameters property" Url="html/7e850ec0-711a-e701-9312-2f5ca9029873.htm" />
  <HelpKINode Title="ProcessMessage method" Url="html/0c86a721-b2c5-f142-7d70-6f33949e98e5.htm" />
  <HelpKINode Title="ProcessRequest method" Url="html/6f141fea-3468-9935-e02a-e0ccd197b404.htm" />
  <HelpKINode Title="Publish(Of T) method" Url="html/10088cdb-f594-ac31-9d38-652f8cc91942.htm" />
  <HelpKINode Title="Publish&lt;T&gt; method" Url="html/10088cdb-f594-ac31-9d38-652f8cc91942.htm" />
  <HelpKINode Title="Register method" Url="html/3bf825b5-2617-acc7-8a72-1ad0521f45e3.htm" />
  <HelpKINode Title="Register method" Url="html/8368e9be-3838-4d3e-3753-1fe1c52ac41b.htm" />
  <HelpKINode Title="RegisterInstance(Of TService) method" Url="html/f05db50a-be95-2c2c-679f-fbb7bd0a686e.htm" />
  <HelpKINode Title="RegisterInstance&lt;TService&gt; method" Url="html/f05db50a-be95-2c2c-679f-fbb7bd0a686e.htm" />
  <HelpKINode Title="Remove method" Url="html/a9c46281-6467-46db-a08b-d0a89edf72c3.htm" />
  <HelpKINode Title="RemoveById method" Url="html/ce0942f6-5eb5-8eee-1339-89a2bab74028.htm" />
  <HelpKINode Title="RepositoryException class" Url="html/14b29b66-a47b-fae9-f83b-029c7b117827.htm" />
  <HelpKINode Title="RepositoryException class" Url="html/faa4e922-7d0a-0d08-1fb1-89051004d741.htm" />
  <HelpKINode Title="RepositoryException class">
    <HelpKINode Title="about RepositoryException class" Url="html/faa4e922-7d0a-0d08-1fb1-89051004d741.htm" />
    <HelpKINode Title="all members" Url="html/14b29b66-a47b-fae9-f83b-029c7b117827.htm" />
    <HelpKINode Title="constructor" Url="html/b35f5c4a-3f6a-c829-ecb3-dc3a9033e5d2.htm" />
    <HelpKINode Title="events" Url="html/c52b00e8-3d49-498f-f031-102134ee5bdb.htm" />
    <HelpKINode Title="methods" Url="html/bfa6c2ed-75c2-d293-9fe9-a45d16b9f365.htm" />
    <HelpKINode Title="properties" Url="html/3634a466-a76c-642b-23ec-8d9aeece9677.htm" />
  </HelpKINode>
  <HelpKINode Title="RepositoryException.Message property" Url="html/e8b20299-1df2-e89f-0f9d-e569516dcb42.htm" />
  <HelpKINode Title="RepositoryException.Parameters property" Url="html/7e850ec0-711a-e701-9312-2f5ca9029873.htm" />
  <HelpKINode Title="RepositoryException.RepositoryException constructor" Url="html/b35f5c4a-3f6a-c829-ecb3-dc3a9033e5d2.htm" />
  <HelpKINode Title="RepositoryException.RequestedResource property" Url="html/cb8720df-5077-065c-7088-9be8e6514773.htm" />
  <HelpKINode Title="RepositoryException.Target property" Url="html/003c1044-0a52-684f-30dc-340524d9185f.htm" />
  <HelpKINode Title="Request property" Url="html/eb23ea03-4442-1cef-dd46-68d44bc61017.htm" />
  <HelpKINode Title="RequestedResource property" Url="html/cb8720df-5077-065c-7088-9be8e6514773.htm" />
  <HelpKINode Title="Resolve method" Url="html/26ff1d1b-6253-5bda-7f5d-3d7b9c50d247.htm" />
  <HelpKINode Title="ResolveAll(Of T) method" Url="html/0073602d-a44c-6992-98f2-485cca0de987.htm" />
  <HelpKINode Title="ResolveAll&lt;T&gt; method" Url="html/0073602d-a44c-6992-98f2-485cca0de987.htm" />
  <HelpKINode Title="Response property" Url="html/f072db9f-fb49-f4f2-7778-07a5892e6c8a.htm" />
  <HelpKINode Title="Rollback method" Url="html/f5d56b92-d093-20dd-f7a7-a1f7325cf0cf.htm" />
  <HelpKINode Title="RolledBack event" Url="html/80e00065-8193-76d3-9df6-cf6bbd52a296.htm" />
  <HelpKINode Title="Save method" Url="html/25712ca2-57f0-48b6-462b-4d21cabc88fa.htm" />
  <HelpKINode Title="Scoped enumeration member" Url="html/b43b632c-fa14-3ce4-b13c-6218809f11f3.htm" />
  <HelpKINode Title="ServiceFeatureAttribute class" Url="html/52e15c55-4577-1a7b-2217-229e319dcb12.htm" />
  <HelpKINode Title="ServiceFeatureAttribute class" Url="html/957af2e5-364a-d2a0-d32e-feedfcad7dc9.htm" />
  <HelpKINode Title="ServiceFeatureAttribute class">
    <HelpKINode Title="about ServiceFeatureAttribute class" Url="html/957af2e5-364a-d2a0-d32e-feedfcad7dc9.htm" />
    <HelpKINode Title="all members" Url="html/52e15c55-4577-1a7b-2217-229e319dcb12.htm" />
    <HelpKINode Title="constructor" Url="html/f02cc0be-813e-fe47-1a89-fe316ac38c79.htm" />
    <HelpKINode Title="methods" Url="html/0d20d25d-843b-67ba-126e-5045ac5abe6a.htm" />
    <HelpKINode Title="properties" Url="html/c471af79-0bb4-8eae-aeb1-ae93d2d70424.htm" />
  </HelpKINode>
  <HelpKINode Title="ServiceFeatureAttribute.ServiceFeatureAttribute constructor" Url="html/f02cc0be-813e-fe47-1a89-fe316ac38c79.htm" />
  <HelpKINode Title="Singleton enumeration member" Url="html/b43b632c-fa14-3ce4-b13c-6218809f11f3.htm" />
  <HelpKINode Title="SortBy method" Url="html/14bb6c55-f976-352a-a428-808695b9680e.htm" />
  <HelpKINode Title="SortByDescending method" Url="html/d01e1506-9698-a02d-d970-da22a7d78aac.htm" />
  <HelpKINode Title="Source property" Url="html/3df0ce46-1e75-2e5b-d089-f0e2e5c1f632.htm" />
  <HelpKINode Title="Start method" Url="html/ec3c8d6b-dfc5-3c13-a5c4-606f01ccb920.htm" />
  <HelpKINode Title="Stop method" Url="html/0cae8a95-abce-83b0-a946-fc2d01fd95c7.htm" />
  <HelpKINode Title="Target property" Url="html/003c1044-0a52-684f-30dc-340524d9185f.htm" />
  <HelpKINode Title="Throw enumeration member" Url="html/ebdc8fd8-c7ae-5713-7e3f-535c0b373d79.htm" />
  <HelpKINode Title="UnhandledException event" Url="html/4c38c9ea-afab-3635-d4f0-b01e88e467e0.htm" />
  <HelpKINode Title="UnhandledException property" Url="html/9c9e11d5-e4e6-0bbd-209d-82dc47b1d4ba.htm" />
  <HelpKINode Title="UnhandledExceptionEventArgs class" Url="html/0d4e347d-d183-5ce6-12f4-76be75679f5c.htm" />
  <HelpKINode Title="UnhandledExceptionEventArgs class" Url="html/92891247-b0b3-b179-2ab1-6f0f0c1ef843.htm" />
  <HelpKINode Title="UnhandledExceptionEventArgs class">
    <HelpKINode Title="about UnhandledExceptionEventArgs class" Url="html/92891247-b0b3-b179-2ab1-6f0f0c1ef843.htm" />
    <HelpKINode Title="all members" Url="html/0d4e347d-d183-5ce6-12f4-76be75679f5c.htm" />
    <HelpKINode Title="constructor" Url="html/db28bdbe-cd9e-9c04-87b1-608bba2d62c2.htm" />
    <HelpKINode Title="methods" Url="html/524d1679-9d68-8292-b872-ef228ae95a8f.htm" />
    <HelpKINode Title="properties" Url="html/96f2215b-db4d-d204-f63d-1c9939b7393a.htm" />
  </HelpKINode>
  <HelpKINode Title="UnhandledExceptionEventArgs.ActionToTake property" Url="html/25d841ec-7db5-2a44-be83-cf23ef68e235.htm" />
  <HelpKINode Title="UnhandledExceptionEventArgs.Source property" Url="html/3df0ce46-1e75-2e5b-d089-f0e2e5c1f632.htm" />
  <HelpKINode Title="UnhandledExceptionEventArgs.UnhandledException property" Url="html/9c9e11d5-e4e6-0bbd-209d-82dc47b1d4ba.htm" />
  <HelpKINode Title="UnhandledExceptionEventArgs.UnhandledExceptionEventArgs constructor" Url="html/db28bdbe-cd9e-9c04-87b1-608bba2d62c2.htm" />
  <HelpKINode Title="Update method" Url="html/bc2218dd-6a71-d6fe-ebe9-e5b8ba3aaee4.htm" />
  <HelpKINode Title="Value property" Url="html/a560ac75-49bd-fe55-1703-955ec24d56ee.htm" />
  <HelpKINode Title="Warning method" Url="html/9092ac31-365e-7d54-eb71-4b01a5630810.htm" />
  <HelpKINode Title="Where method" Url="html/4c3a3404-a5eb-f109-1443-4fb224bfb4bf.htm" />
</HelpKI>
