﻿<?xml version="1.0" encoding="utf-8"?>
<HelpTOC>

  <HelpTOCNode Id="b43f4e65-2ce4-4c7e-8395-774131d4fa2b" Title="Griffin Namespace" Url="html/0cfd3755-b33f-bcbc-526b-c3282a64065e.htm">
    <HelpTOCNode Id="c518b3e1-1c42-4fc7-9143-ca1e3bbaf20e" Title="Configure Class" Url="html/d5d99462-dc23-c76e-046b-a5ec841f105d.htm">
      <HelpTOCNode Title="Configure Members" Url="html/b6ccd1e4-dac2-208d-1258-b37e17b4925b.htm" />
      <HelpTOCNode Title="Configure Methods" Url="html/edc2675b-787d-5775-5c4a-e55d4c02722a.htm" />
      <HelpTOCNode Id="60781297-7fed-495d-8a6c-466c798d14f1" Title="Configure Properties" Url="html/0da0e33c-c197-ef95-e32d-4609dd14f257.htm">
        <HelpTOCNode Title="Griffin Property " Url="html/97db9406-b1d4-368d-eeec-cce0ea3f0d92.htm" />
      </HelpTOCNode>
    </HelpTOCNode>
    <HelpTOCNode Id="1563830c-0145-4cbf-8351-cc22edd11c0b" Title="EmptyStartableContext Class" Url="html/eded4aa8-85c1-3fa8-600a-eea9d0a73742.htm">
      <HelpTOCNode Title="EmptyStartableContext Members" Url="html/8edb3b98-0b9c-b00e-68b5-cc4518509342.htm" />
      <HelpTOCNode Title="EmptyStartableContext Methods" Url="html/dbc31266-e63f-5d76-9aef-c337f0a608fa.htm" />
      <HelpTOCNode Id="52d52dfe-194e-4961-9338-bb392668958a" Title="EmptyStartableContext Properties" Url="html/1915823b-d8d2-03d5-aaaf-aceb0bd93ae1.htm">
        <HelpTOCNode Title="Instance Property " Url="html/715869f5-081e-e693-4fdf-75ce3be29a85.htm" />
      </HelpTOCNode>
    </HelpTOCNode>
    <HelpTOCNode Title="ExceptionPolicy Enumeration" Url="html/ebdc8fd8-c7ae-5713-7e3f-535c0b373d79.htm" />
    <HelpTOCNode Id="78ed5785-6a0e-4c1e-b4f5-3342ad9f17f0" Title="ExceptionPolicyHandler Class" Url="html/990200b5-38ad-82d3-5af6-cac74c6cbef2.htm">
      <HelpTOCNode Title="ExceptionPolicyHandler Members" Url="html/d13407f6-539a-706d-73f7-b49001c3ee42.htm" />
      <HelpTOCNode Id="f3341f47-94cb-48ab-b92a-4e5ece8ff759" Title="ExceptionPolicyHandler Methods" Url="html/9f8e53bf-b68d-e076-1a36-b9a4ad7c8459.htm">
        <HelpTOCNode Title="GotUnhandled Method " Url="html/88ef0ab1-d6d0-0a46-05a0-92e50c5aaecb.htm" />
      </HelpTOCNode>
      <HelpTOCNode Id="125d0e1a-d042-4eca-8f32-1559381345f0" Title="ExceptionPolicyHandler Properties" Url="html/d7165059-8b5b-4f72-5f40-c58680f923c9.htm">
        <HelpTOCNode Title="MainThreadId Property " Url="html/c39e6137-618e-9b70-103e-f0194cb40a71.htm" />
      </HelpTOCNode>
      <HelpTOCNode Id="a1aea801-c052-44e3-83fd-fd14058b4687" Title="ExceptionPolicyHandler Events" Url="html/fbd29256-0474-6f81-526d-c27d69f78dda.htm">
        <HelpTOCNode Title="UnhandledException Event" Url="html/4c38c9ea-afab-3635-d4f0-b01e88e467e0.htm" />
      </HelpTOCNode>
    </HelpTOCNode>
    <HelpTOCNode Id="bc999161-3fcf-4536-a461-e68117959dd1" Title="IStartable Interface" Url="html/80197420-357c-53d5-a62d-2fe91472fde6.htm">
      <HelpTOCNode Title="IStartable Members" Url="html/ddbca588-db92-cfb9-cee2-53a949c5ea0d.htm" />
      <HelpTOCNode Id="eb2b5a96-29cc-4165-8529-b89cf767853d" Title="IStartable Methods" Url="html/9b5ba8c2-4209-3130-56af-a071e20b1eed.htm">
        <HelpTOCNode Title="Start Method " Url="html/ec3c8d6b-dfc5-3c13-a5c4-606f01ccb920.htm" />
        <HelpTOCNode Title="Stop Method " Url="html/0cae8a95-abce-83b0-a946-fc2d01fd95c7.htm" />
      </HelpTOCNode>
    </HelpTOCNode>
    <HelpTOCNode Title="IStartableContext Interface" Url="html/cf8bc681-e94e-6b84-8e59-1d787ce93cf9.htm" />
    <HelpTOCNode Id="c32a8d9c-9e26-4673-9878-f13e35482b38" Title="UnhandledExceptionEventArgs Class" Url="html/92891247-b0b3-b179-2ab1-6f0f0c1ef843.htm">
      <HelpTOCNode Title="UnhandledExceptionEventArgs Members" Url="html/0d4e347d-d183-5ce6-12f4-76be75679f5c.htm" />
      <HelpTOCNode Title="UnhandledExceptionEventArgs Constructor " Url="html/db28bdbe-cd9e-9c04-87b1-608bba2d62c2.htm" />
      <HelpTOCNode Title="UnhandledExceptionEventArgs Methods" Url="html/524d1679-9d68-8292-b872-ef228ae95a8f.htm" />
      <HelpTOCNode Id="24e1cb1c-f854-4cbe-956d-bb97b9676778" Title="UnhandledExceptionEventArgs Properties" Url="html/96f2215b-db4d-d204-f63d-1c9939b7393a.htm">
        <HelpTOCNode Title="ActionToTake Property " Url="html/25d841ec-7db5-2a44-be83-cf23ef68e235.htm" />
        <HelpTOCNode Title="Source Property " Url="html/3df0ce46-1e75-2e5b-d089-f0e2e5c1f632.htm" />
        <HelpTOCNode Title="UnhandledException Property " Url="html/9c9e11d5-e4e6-0bbd-209d-82dc47b1d4ba.htm" />
      </HelpTOCNode>
    </HelpTOCNode>
  </HelpTOCNode>
  <HelpTOCNode Id="72524002-800b-42a2-acce-673e4cbcff5e" Title="Griffin.Converter Namespace" Url="html/337c57ae-6723-1869-eed0-359d9aea1d68.htm">
    <HelpTOCNode Id="f5ad4087-5746-465d-81a1-fbdbddfc90f7" Title="IConverter(TFrom, TTo) Interface" Url="html/7879e469-e1f0-3f85-4eae-92ccd136da0d.htm">
      <HelpTOCNode Title="IConverter(TFrom, TTo) Members" Url="html/b0ff6922-a161-3ed7-fa92-0eafcd532880.htm" />
      <HelpTOCNode Id="46f66423-410e-4f1e-8c0c-8b6e75a78f2f" Title="IConverter(TFrom, TTo) Methods" Url="html/ce881a2d-bf53-b8d2-8e87-b4675092f78e.htm">
        <HelpTOCNode Title="Convert Method " Url="html/47137d71-6ef4-2904-84f4-958ef698cce1.htm" />
      </HelpTOCNode>
    </HelpTOCNode>
    <HelpTOCNode Id="837f7aae-4435-40db-9957-7625eeeff284" Title="IConverterProvider Interface" Url="html/44f1125e-b8e4-1877-4bdb-48a7e2a135a1.htm">
      <HelpTOCNode Title="IConverterProvider Members" Url="html/0296c628-c756-ed36-5a5f-bb9ca0395a31.htm" />
      <HelpTOCNode Id="0fb08436-9a11-4d7d-a913-180ce35d8a88" Title="IConverterProvider Methods" Url="html/af9f688d-c2df-d156-d2b4-b588956c3349.htm">
        <HelpTOCNode Title="Get(TFrom, TTo) Method " Url="html/c8eae1a9-3321-e595-1abc-9b03021b29b7.htm" />
      </HelpTOCNode>
    </HelpTOCNode>
    <HelpTOCNode Id="be08a197-f865-408f-833e-30ec860f906a" Title="IConverterService Interface" Url="html/7788a080-584a-0d6b-1e4c-ede293cfa06b.htm">
      <HelpTOCNode Title="IConverterService Members" Url="html/1b329241-064a-f333-8ea8-2385a0fa9ce4.htm" />
      <HelpTOCNode Id="c156c01d-40d6-4cdb-9b30-06246a19ca59" Title="IConverterService Methods" Url="html/41d031fd-ccdd-8a9b-f682-ae5a84837ef7.htm">
        <HelpTOCNode Id="7cfc92cd-ed2e-4b47-91a4-eda9f3b577f6" Title="Convert Method " Url="html/95558bee-dcd7-1d8e-389c-6c72974814cf.htm">
          <HelpTOCNode Title="Convert(TFrom, TTo) Method (TFrom)" Url="html/93bfad8f-a981-d738-1629-85343df8b25e.htm" />
          <HelpTOCNode Title="Convert Method (Object, Type)" Url="html/a3402825-b64e-ecf6-a275-2acce92dc9c2.htm" />
        </HelpTOCNode>
        <HelpTOCNode Title="ConvertAll(TFrom, TTo) Method " Url="html/77d2ce09-52b4-2321-2ef5-20b168172be5.htm" />
        <HelpTOCNode Id="714e841d-a9b9-4177-973a-cf77730d166b" Title="Register Method " Url="html/8368e9be-3838-4d3e-3753-1fe1c52ac41b.htm">
          <HelpTOCNode Title="Register(TFrom, TTo) Method (IConverter(TFrom, TTo))" Url="html/18906d33-a408-5c3e-b367-a0bb01774d86.htm" />
          <HelpTOCNode Title="Register Method (IConverterProvider)" Url="html/2e9f4f13-54ba-6262-e2f7-f04e2c164f51.htm" />
        </HelpTOCNode>
      </HelpTOCNode>
    </HelpTOCNode>
  </HelpTOCNode>
  <HelpTOCNode Id="8c518304-9a6f-45f4-81f2-5b8afb5e9583" Title="Griffin.Data Namespace" Url="html/b5cf6a78-bba7-1a23-9de9-fd1229474ab9.htm">
    <HelpTOCNode Id="558916b7-1d3b-4350-86ce-b68c791b8592" Title="IDbSession Interface" Url="html/a36ab5ca-dbea-9008-c7e6-578451710ae8.htm">
      <HelpTOCNode Title="IDbSession Members" Url="html/2ea73b1b-4367-1030-0f84-7bf2353d0fca.htm" />
      <HelpTOCNode Id="bebb0a04-22b3-4c4b-ae02-5b7278ef94fd" Title="IDbSession Methods" Url="html/5a82778f-479d-de6e-274b-26f1c932f24e.htm">
        <HelpTOCNode Title="Create Method " Url="html/df87f466-eb5d-f413-e393-d49cf76123ef.htm" />
      </HelpTOCNode>
    </HelpTOCNode>
    <HelpTOCNode Id="61352417-e8b1-43d1-869e-361d86b3d6e9" Title="IDbSessionFactory Interface" Url="html/b56102d3-1fb0-7a24-19a5-eb60368ab4dd.htm">
      <HelpTOCNode Title="IDbSessionFactory Members" Url="html/f41f71d8-2ef2-3c17-f155-8bd8ed4507ae.htm" />
      <HelpTOCNode Id="10b6dd21-f4c8-4418-bda0-7f661789fa47" Title="IDbSessionFactory Methods" Url="html/b32c8b5b-db0d-b0d7-a55a-1b7dd66091a1.htm">
        <HelpTOCNode Title="Close Method " Url="html/b2e78e54-c52f-893a-81fc-f518d6f8b63d.htm" />
        <HelpTOCNode Title="Create Method " Url="html/4e74417f-7241-5d33-d110-6a0c1c32d02f.htm" />
      </HelpTOCNode>
      <HelpTOCNode Id="d5238bae-6468-447b-a8ac-1a70266fb43e" Title="IDbSessionFactory Properties" Url="html/380ac02d-c860-f3c6-241d-3bff4557ce63.htm">
        <HelpTOCNode Title="Current Property " Url="html/edfe1a9f-be62-e55a-8e99-09dc197b6ae8.htm" />
      </HelpTOCNode>
    </HelpTOCNode>
    <HelpTOCNode Id="faf154de-5c42-4558-928d-c853ddb1f56f" Title="IDbTransaction Interface" Url="html/0235a019-8793-ac4f-a0dd-4502f60246bf.htm">
      <HelpTOCNode Title="IDbTransaction Members" Url="html/e6fa300b-01d9-df09-7c2f-96e9846c3387.htm" />
      <HelpTOCNode Id="dcfaa74e-200c-45c5-8edc-b73397b4c02c" Title="IDbTransaction Methods" Url="html/fd1a162a-5834-7849-6e5a-16bc6221ed6a.htm">
        <HelpTOCNode Title="Commit Method " Url="html/742f5adb-18b7-a4b6-d54e-d4954f456e45.htm" />
        <HelpTOCNode Title="Rollback Method " Url="html/f5d56b92-d093-20dd-f7a7-a1f7325cf0cf.htm" />
      </HelpTOCNode>
      <HelpTOCNode Id="77f63e52-e9c0-4e9c-9ea9-f72a6d8122c1" Title="IDbTransaction Events" Url="html/1cb23bb1-4aa5-3f8d-ad13-26e0431865d8.htm">
        <HelpTOCNode Title="Committed Event" Url="html/9c590edb-514e-5aa9-6044-7cdd28a1af6b.htm" />
        <HelpTOCNode Title="RolledBack Event" Url="html/80e00065-8193-76d3-9df6-cf6bbd52a296.htm" />
      </HelpTOCNode>
    </HelpTOCNode>
  </HelpTOCNode>
  <HelpTOCNode Id="4f6c0c82-f17d-48e1-8823-e016e1e512d0" Title="Griffin.Data.Repository Namespace" Url="html/050b7d84-7022-db14-d722-0ceb79e2815b.htm">
    <HelpTOCNode Id="132df60c-1a76-4e72-8e78-b867e70f30eb" Title="IQuery(TEntity) Interface" Url="html/8b028c00-f2f9-9250-24fe-7ed62ba103a8.htm">
      <HelpTOCNode Title="IQuery(TEntity) Members" Url="html/58ed6ef1-8e0d-2c15-0a80-e78e8a796836.htm" />
      <HelpTOCNode Id="e6aab88c-e82f-4d48-8198-61e24d50384d" Title="IQuery(TEntity) Methods" Url="html/09151902-53f4-9c7f-4051-29c7f8d6cabd.htm">
        <HelpTOCNode Title="Paging Method " Url="html/bde47c79-2c55-2d35-b43e-7e307c45c245.htm" />
        <HelpTOCNode Title="SortBy Method " Url="html/14bb6c55-f976-352a-a428-808695b9680e.htm" />
        <HelpTOCNode Title="SortByDescending Method " Url="html/d01e1506-9698-a02d-d970-da22a7d78aac.htm" />
        <HelpTOCNode Title="Where Method " Url="html/4c3a3404-a5eb-f109-1443-4fb224bfb4bf.htm" />
      </HelpTOCNode>
    </HelpTOCNode>
    <HelpTOCNode Id="7f200ed0-0fd6-433b-908f-4f95c6289f89" Title="IRepository(TEntity, TKey) Interface" Url="html/20849115-5fff-f3dd-6cfd-0cecbfe77af7.htm">
      <HelpTOCNode Title="IRepository(TEntity, TKey) Members" Url="html/76d07918-58e0-02a9-8c25-089d937fff3b.htm" />
      <HelpTOCNode Id="994d6152-624a-4e95-af39-84774e402cd2" Title="IRepository(TEntity, TKey) Methods" Url="html/12fb80c5-5392-51b8-83a7-436e45062e10.htm">
        <HelpTOCNode Id="f5ffeb92-9023-4dab-9166-a5f64f4eef87" Title="Count Method " Url="html/6dac71c1-b433-8b98-c5f4-7d0e1ffeff9b.htm">
          <HelpTOCNode Title="Count Method (Expression(Func(TEntity, Boolean)))" Url="html/71ca3085-41a0-b0ed-729d-1f7d8e0e5d2a.htm" />
          <HelpTOCNode Title="Count Method (IQuery(TEntity))" Url="html/a7f5f18d-d42c-8b56-8b57-e5a2d53495c0.htm" />
        </HelpTOCNode>
        <HelpTOCNode Title="CreateQuery Method " Url="html/3618b7ae-7f75-f418-1073-449ef3b62550.htm" />
        <HelpTOCNode Id="106e1ec4-7133-41aa-9265-ba3c7bdf516b" Title="Find Method " Url="html/fff8435f-a0b5-f31a-2c5f-a99f8b695147.htm">
          <HelpTOCNode Title="Find Method (Expression(Func(TEntity, Boolean)))" Url="html/23206264-5d5e-df87-a65f-40f9218b140c.htm" />
          <HelpTOCNode Title="Find Method (IQuery(TEntity))" Url="html/7f0490ae-fb2e-06e8-1eea-d6aff25cd019.htm" />
        </HelpTOCNode>
        <HelpTOCNode Title="FindAll Method " Url="html/481f0f39-a2ea-a95f-d0c2-c3baf1b178f0.htm" />
        <HelpTOCNode Title="Get Method " Url="html/004dbfa4-bbe0-a9c5-bdf0-94d4f602d4a4.htm" />
        <HelpTOCNode Title="GetById Method " Url="html/12bcf609-f1df-2dfc-c953-9373a7f2614a.htm" />
        <HelpTOCNode Id="1059624a-8c1e-43ae-8d6e-d2f6eaec15e8" Title="Remove Method " Url="html/a9c46281-6467-46db-a08b-d0a89edf72c3.htm">
          <HelpTOCNode Title="Remove Method (Expression(Func(TEntity, Boolean)))" Url="html/7986975d-fa3d-8416-2054-4ac841613b61.htm" />
          <HelpTOCNode Title="Remove Method (TEntity)" Url="html/c3ee3a09-3c3f-5313-382d-0a53c6e000b7.htm" />
        </HelpTOCNode>
        <HelpTOCNode Title="RemoveById Method " Url="html/ce0942f6-5eb5-8eee-1339-89a2bab74028.htm" />
        <HelpTOCNode Title="Save Method " Url="html/25712ca2-57f0-48b6-462b-4d21cabc88fa.htm" />
      </HelpTOCNode>
    </HelpTOCNode>
    <HelpTOCNode Id="a0196ae0-c0eb-47d8-a6e0-310a5fe204f7" Title="RepositoryException Class" Url="html/faa4e922-7d0a-0d08-1fb1-89051004d741.htm">
      <HelpTOCNode Title="RepositoryException Members" Url="html/14b29b66-a47b-fae9-f83b-029c7b117827.htm" />
      <HelpTOCNode Title="RepositoryException Constructor " Url="html/b35f5c4a-3f6a-c829-ecb3-dc3a9033e5d2.htm" />
      <HelpTOCNode Title="RepositoryException Methods" Url="html/bfa6c2ed-75c2-d293-9fe9-a45d16b9f365.htm" />
      <HelpTOCNode Id="aca06c09-be50-496f-95ae-6dda9927ef70" Title="RepositoryException Properties" Url="html/3634a466-a76c-642b-23ec-8d9aeece9677.htm">
        <HelpTOCNode Title="Message Property " Url="html/e8b20299-1df2-e89f-0f9d-e569516dcb42.htm" />
        <HelpTOCNode Title="Parameters Property " Url="html/7e850ec0-711a-e701-9312-2f5ca9029873.htm" />
        <HelpTOCNode Title="RequestedResource Property " Url="html/cb8720df-5077-065c-7088-9be8e6514773.htm" />
        <HelpTOCNode Title="Target Property " Url="html/003c1044-0a52-684f-30dc-340524d9185f.htm" />
      </HelpTOCNode>
      <HelpTOCNode Title="RepositoryException Events" Url="html/c52b00e8-3d49-498f-f031-102134ee5bdb.htm" />
    </HelpTOCNode>
  </HelpTOCNode>
  <HelpTOCNode Id="c0621919-827d-4e79-a50e-ac1a306e17b7" Title="Griffin.InversionOfControl Namespace" Url="html/bef86909-704d-6b1d-4d29-9c83e40f4474.htm">
    <HelpTOCNode Id="fcc9533e-c68e-4ce5-bb1f-1d78c9281a5b" Title="ComponentAttribute Class" Url="html/822c03f0-15cd-b236-29d4-f55698884381.htm">
      <HelpTOCNode Title="ComponentAttribute Members" Url="html/b22628b9-c609-f854-34f2-b3e39907893c.htm" />
      <HelpTOCNode Id="697d10bb-fcc1-4245-81c3-50383b98e2d3" Title="ComponentAttribute Constructor " Url="html/bfac417a-4f19-d0f4-43ed-e46c1a73be87.htm">
        <HelpTOCNode Title="ComponentAttribute Constructor " Url="html/235ae5d0-ac70-c95b-9215-20fca52aa7de.htm" />
        <HelpTOCNode Title="ComponentAttribute Constructor (ComponentFlags)" Url="html/9f1f2ace-d7b0-da6b-1e96-4e262fc74957.htm" />
      </HelpTOCNode>
      <HelpTOCNode Title="ComponentAttribute Methods" Url="html/02c26c93-7e0b-2975-a0e2-5ef44c993210.htm" />
      <HelpTOCNode Id="824a1c93-ea36-4346-ad13-05d13166bfa3" Title="ComponentAttribute Properties" Url="html/7bb357ff-64ca-ed79-6222-cc38af406f51.htm">
        <HelpTOCNode Title="Flags Property " Url="html/29438051-870a-8e1a-533d-fa3dc78ba4d6.htm" />
      </HelpTOCNode>
    </HelpTOCNode>
    <HelpTOCNode Title="ComponentFlags Enumeration" Url="html/b43b632c-fa14-3ce4-b13c-6218809f11f3.htm" />
    <HelpTOCNode Id="3af4c9df-a7d3-4082-ac6c-1d86c284f0d9" Title="IContainerBuilder Interface" Url="html/a64f39a4-301e-49e7-755b-3b512bcda712.htm">
      <HelpTOCNode Title="IContainerBuilder Members" Url="html/2777045f-6e2f-01b7-552f-2c5f0bb8245a.htm" />
      <HelpTOCNode Id="d627ef5a-90d3-4588-8aac-6dff4323148c" Title="IContainerBuilder Methods" Url="html/3bf638db-0a2c-a55b-f8b0-7ac4969340ad.htm">
        <HelpTOCNode Title="Build Method " Url="html/99dd1e5a-2af2-c215-8d85-bb8313fe21ac.htm" />
        <HelpTOCNode Id="dd0cda45-0178-444c-929b-059bcc7de262" Title="Register Method " Url="html/3bf825b5-2617-acc7-8a72-1ad0521f45e3.htm">
          <HelpTOCNode Title="Register(TService) Method (Func(TService))" Url="html/bd67d042-f511-081c-8e66-83f289a2aa2a.htm" />
          <HelpTOCNode Title="Register(TService, TImplementation) Method (ComponentFlags)" Url="html/2fe308f2-189b-11df-ffc4-d0a3184acbf8.htm" />
          <HelpTOCNode Title="Register Method (Type, Type, ComponentFlags)" Url="html/97d170bd-573a-a410-a9ee-121451672bae.htm" />
        </HelpTOCNode>
        <HelpTOCNode Title="RegisterInstance(TService) Method " Url="html/f05db50a-be95-2c2c-679f-fbb7bd0a686e.htm" />
        <HelpTOCNode Title="Update Method " Url="html/bc2218dd-6a71-d6fe-ebe9-e5b8ba3aaee4.htm" />
      </HelpTOCNode>
    </HelpTOCNode>
    <HelpTOCNode Id="5026a7ec-819c-49db-b5f8-df95945a33c3" Title="IServiceLocator Interface" Url="html/cfea11b1-249a-f7c4-df12-fe4f5631d00c.htm">
      <HelpTOCNode Title="IServiceLocator Members" Url="html/da33e1ba-b202-8c52-bd1f-1c8a146874f5.htm" />
      <HelpTOCNode Id="e0342ac2-1101-4a43-a62e-60fe26ecc66f" Title="IServiceLocator Methods" Url="html/a6bdcd12-8862-3d44-1efc-71a87afa541a.htm">
        <HelpTOCNode Id="80db78f8-affa-45ad-82d5-4a16c4e92d87" Title="Resolve Method " Url="html/26ff1d1b-6253-5bda-7f5d-3d7b9c50d247.htm">
          <HelpTOCNode Title="Resolve(T) Method " Url="html/577ae0c4-b82b-d166-6a67-8e7878d4353e.htm" />
          <HelpTOCNode Title="Resolve Method (Type)" Url="html/e9405c2e-7fcd-84f4-19c2-bbfd1b5bfaa4.htm" />
        </HelpTOCNode>
        <HelpTOCNode Title="ResolveAll(T) Method " Url="html/0073602d-a44c-6992-98f2-485cca0de987.htm" />
      </HelpTOCNode>
    </HelpTOCNode>
    <HelpTOCNode Id="e8ef99ad-ecc4-4852-b213-db5e6090b41d" Title="Parameter Class" Url="html/5404e7f6-5a08-2109-ba6d-227022f10642.htm">
      <HelpTOCNode Title="Parameter Members" Url="html/b4f2d6ef-c9a5-5556-c2c7-818edcfd738e.htm" />
      <HelpTOCNode Title="Parameter Constructor " Url="html/c5268239-ad38-bff1-0c3e-44f7bfd5e64a.htm" />
      <HelpTOCNode Title="Parameter Methods" Url="html/2bedefd4-50af-5db4-39ff-3055d55510ef.htm" />
      <HelpTOCNode Id="78ca98a3-cf93-411a-ad97-826566c6cd27" Title="Parameter Properties" Url="html/85b292be-4fec-ba28-73e8-4da63ed593b4.htm">
        <HelpTOCNode Title="Name Property " Url="html/7de0990d-a64b-243e-2c4c-0bd4efd762be.htm" />
        <HelpTOCNode Title="Value Property " Url="html/a560ac75-49bd-fe55-1703-955ec24d56ee.htm" />
      </HelpTOCNode>
    </HelpTOCNode>
    <HelpTOCNode Id="72670e90-2afb-4285-a9b4-869a95ad20da" Title="ServiceFeatureAttribute Class" Url="html/957af2e5-364a-d2a0-d32e-feedfcad7dc9.htm">
      <HelpTOCNode Title="ServiceFeatureAttribute Members" Url="html/52e15c55-4577-1a7b-2217-229e319dcb12.htm" />
      <HelpTOCNode Title="ServiceFeatureAttribute Constructor " Url="html/f02cc0be-813e-fe47-1a89-fe316ac38c79.htm" />
      <HelpTOCNode Title="ServiceFeatureAttribute Methods" Url="html/0d20d25d-843b-67ba-126e-5045ac5abe6a.htm" />
      <HelpTOCNode Title="ServiceFeatureAttribute Properties" Url="html/c471af79-0bb4-8eae-aeb1-ae93d2d70424.htm" />
    </HelpTOCNode>
  </HelpTOCNode>
  <HelpTOCNode Id="c19b1ab4-265d-43ff-867a-5a31b8727618" Title="Griffin.Logging Namespace" Url="html/fca57bdc-f772-fe07-6357-52df2bb5bb2c.htm">
    <HelpTOCNode Id="9f2f4451-54c8-464d-b03f-2bec565153bb" Title="ILogger Interface" Url="html/7c30a4e9-4a30-9d20-d52c-e7389abeddb8.htm">
      <HelpTOCNode Title="ILogger Members" Url="html/f504fed4-48aa-b6e2-eb3a-4a228a6d0650.htm" />
      <HelpTOCNode Id="5dcba31c-0f1d-438b-80d0-f9d883ddcf65" Title="ILogger Methods" Url="html/bf9ce043-9a31-0f17-e28c-a062a66273bc.htm">
        <HelpTOCNode Id="e6688288-8733-4fe1-a81e-4e508e2e29cb" Title="Debug Method " Url="html/032deb78-2bc4-92f7-6034-9d6a64ef8b76.htm">
          <HelpTOCNode Title="Debug Method (String)" Url="html/fd586e1f-8101-f7b9-43c0-3cda42e0ac94.htm" />
          <HelpTOCNode Title="Debug Method (String, Exception)" Url="html/c409ee91-e0e1-5b49-a635-71e2a3eb21ee.htm" />
          <HelpTOCNode Title="Debug Method (String, Object[])" Url="html/daf6e36d-cd89-f0f6-21c7-aea5566a56cb.htm" />
          <HelpTOCNode Title="Debug Method (String, Exception, Object[])" Url="html/2d1058db-a9b9-4756-0137-fb68ec704e66.htm" />
        </HelpTOCNode>
        <HelpTOCNode Id="4cab83f8-e5d2-4811-a74a-292327f59ee9" Title="Error Method " Url="html/56d84200-c171-f837-2cf2-700aade0e97e.htm">
          <HelpTOCNode Title="Error Method (String)" Url="html/a0fad083-ac3e-1e09-e5a4-2ce7f1bc6a97.htm" />
          <HelpTOCNode Title="Error Method (String, Exception)" Url="html/d9ed05e7-eb4d-9406-bc9f-0966304e6325.htm" />
          <HelpTOCNode Title="Error Method (String, Object[])" Url="html/1ebd9ff8-5424-cb4d-908d-e1f8816d83b6.htm" />
          <HelpTOCNode Title="Error Method (String, Exception, Object[])" Url="html/23e0fe2b-2e69-ff37-7e77-e298d22beba9.htm" />
        </HelpTOCNode>
        <HelpTOCNode Id="41536653-5593-4b2b-aaf6-3359fb35778d" Title="Info Method " Url="html/654d0df7-3103-b86f-4f8a-ecee7430c267.htm">
          <HelpTOCNode Title="Info Method (String)" Url="html/c3bd614b-7c38-9f83-a6f7-3cea0ab92eca.htm" />
          <HelpTOCNode Title="Info Method (String, Exception)" Url="html/08c302de-abe0-edfa-2058-96d06236cf17.htm" />
          <HelpTOCNode Title="Info Method (String, Object[])" Url="html/a832d448-8e2a-60b0-8b15-205277a7c6b2.htm" />
          <HelpTOCNode Title="Info Method (String, Exception, Object[])" Url="html/b962e6ea-36ba-8cd0-59d0-585f1abbc3d4.htm" />
        </HelpTOCNode>
        <HelpTOCNode Id="242c3469-60a0-4912-929f-03e87f39e161" Title="Warning Method " Url="html/9092ac31-365e-7d54-eb71-4b01a5630810.htm">
          <HelpTOCNode Title="Warning Method (String)" Url="html/042a4642-3646-87b9-e0be-1bb8c888aab7.htm" />
          <HelpTOCNode Title="Warning Method (String, Exception)" Url="html/90e026ae-086b-0fa4-4105-0abb0b5b8e72.htm" />
          <HelpTOCNode Title="Warning Method (String, Object[])" Url="html/e9ed0f2e-4ce1-c506-7268-bd74cb037e60.htm" />
          <HelpTOCNode Title="Warning Method (String, Exception, Object[])" Url="html/3acc2c9e-2220-9449-d27b-af768999bc60.htm" />
        </HelpTOCNode>
      </HelpTOCNode>
    </HelpTOCNode>
    <HelpTOCNode Id="d7cf3a34-30bc-4bba-b056-80d19f5be587" Title="ILogManager Interface" Url="html/04c24975-d03d-db83-8b91-a98e6c0aa8fc.htm">
      <HelpTOCNode Title="ILogManager Members" Url="html/20441e54-251f-e435-887a-d1c26ab8684e.htm" />
      <HelpTOCNode Id="0d488866-17b9-4ccd-87d3-420bd0072c7b" Title="ILogManager Methods" Url="html/fc7eee5f-790e-cc16-a948-1cee8aca66e8.htm">
        <HelpTOCNode Title="GetLogger Method " Url="html/c8fb77e0-96e4-49ff-d18c-9aeb1c5e1f6c.htm" />
      </HelpTOCNode>
    </HelpTOCNode>
    <HelpTOCNode Id="407a7e72-5236-42c0-ab90-60008c8a5584" Title="LogManager Class" Url="html/3adfb766-0d10-0d47-cc7a-14779e51b02b.htm">
      <HelpTOCNode Title="LogManager Members" Url="html/99a4e384-d356-73fb-3fc6-1093751dd0af.htm" />
      <HelpTOCNode Title="LogManager Constructor " Url="html/08982807-bd75-c4c6-b028-14f831c20c0e.htm" />
      <HelpTOCNode Id="73e791f5-187c-4dff-94a8-f8a3e6552232" Title="LogManager Methods" Url="html/97301648-809b-2602-b3ba-db69f8600764.htm">
        <HelpTOCNode Title="Assign Method " Url="html/751e9845-8b1b-4862-0102-ecbc4731b9fb.htm" />
        <HelpTOCNode Id="ce494943-13b9-464e-861b-5aa3e5a9c56b" Title="GetLogger Method " Url="html/1948230d-2113-9e94-d9f6-6c227a3d1a76.htm">
          <HelpTOCNode Title="GetLogger(T) Method " Url="html/f075ea0d-99b6-05bb-ea24-c4a4bcc62fce.htm" />
          <HelpTOCNode Title="GetLogger Method (Type)" Url="html/49cb8284-e844-2c22-0c3e-103d6c2f2dd3.htm" />
        </HelpTOCNode>
      </HelpTOCNode>
    </HelpTOCNode>
  </HelpTOCNode>
  <HelpTOCNode Id="2e5f88fb-4f6d-4df5-b4ec-dd32fc1a658e" Title="Griffin.Messaging Namespace" Url="html/66cd9481-6fb9-0178-260f-0eaeb3957ba9.htm">
    <HelpTOCNode Id="921cf987-a745-493c-987d-a8b97e21ddd5" Title="IHandlerOf(TRequestContext) Interface" Url="html/4a01719e-5441-b9d9-ef3b-3db4eba3efbd.htm">
      <HelpTOCNode Title="IHandlerOf(TRequestContext) Members" Url="html/f265452d-68af-5b53-ee7d-0cb4c3d8aeea.htm" />
      <HelpTOCNode Id="cf1cc2ec-d8c9-4b08-8876-e57f8ff6d7bb" Title="IHandlerOf(TRequestContext) Methods" Url="html/ec3ccbe8-6a56-1dc9-7385-b0974b3c75a6.htm">
        <HelpTOCNode Title="ProcessRequest Method " Url="html/6f141fea-3468-9935-e02a-e0ccd197b404.htm" />
      </HelpTOCNode>
    </HelpTOCNode>
    <HelpTOCNode Title="IMessage Interface" Url="html/8ecb0864-9de0-b92a-4918-451af0a4d43a.htm" />
    <HelpTOCNode Id="a2ce544a-35bb-4d1b-9e6e-484381c17292" Title="IMessageBroker Interface" Url="html/6ea294b5-ccfc-56a8-1d11-c00df893a165.htm">
      <HelpTOCNode Title="IMessageBroker Members" Url="html/83393ae0-ded8-bc78-0a0a-78a89c7923c5.htm" />
      <HelpTOCNode Id="a46706f2-3415-4b40-8769-94ba7d87a6ae" Title="IMessageBroker Methods" Url="html/6ddf4a36-c786-3bdc-3d2b-83436dfc71d0.htm">
        <HelpTOCNode Title="BeginRequest(TContext) Method " Url="html/f376c0aa-65e8-a10a-fddc-8121758025e7.htm" />
        <HelpTOCNode Title="EndRequest Method " Url="html/bf448bff-cc80-09fb-0eec-a1cd37dd5008.htm" />
        <HelpTOCNode Title="Publish(T) Method " Url="html/10088cdb-f594-ac31-9d38-652f8cc91942.htm" />
      </HelpTOCNode>
    </HelpTOCNode>
    <HelpTOCNode Title="IRequest Interface" Url="html/3d9763b9-785f-4aa9-8bd4-3134afb6b8d2.htm" />
    <HelpTOCNode Id="9f45f98a-0bb9-4d5c-a3a9-137227a0fff7" Title="IRequestContext Interface" Url="html/158a7f49-880f-4294-d934-aed7085c1485.htm">
      <HelpTOCNode Title="IRequestContext Members" Url="html/05a3476e-84b7-b69e-8ec3-7e923738b7ad.htm" />
      <HelpTOCNode Id="9ff13f1e-1d02-4bdc-a803-86d7e13b87c7" Title="IRequestContext Properties" Url="html/aeaf4674-3086-12ad-d402-cec9268e4f5e.htm">
        <HelpTOCNode Title="Cancel Property " Url="html/596d3df0-ee91-4316-386a-83eeca679984.htm" />
      </HelpTOCNode>
    </HelpTOCNode>
    <HelpTOCNode Id="93729554-977a-4387-bdd0-65eb7d6d2c02" Title="IRequestContext(TRequest, TResponse) Interface" Url="html/8d465afd-b9df-9cec-4ed1-9c4a4a538dfb.htm">
      <HelpTOCNode Title="IRequestContext(TRequest, TResponse) Members" Url="html/31cdb332-4b6f-3705-a34e-fc4ed4e6bc70.htm" />
      <HelpTOCNode Id="c312d32f-5a0b-4427-967b-82d8b996c3cd" Title="IRequestContext(TRequest, TResponse) Properties" Url="html/2847ee26-da13-175f-1ed0-6e7966c566cf.htm">
        <HelpTOCNode Title="Request Property " Url="html/eb23ea03-4442-1cef-dd46-68d44bc61017.htm" />
        <HelpTOCNode Title="Response Property " Url="html/f072db9f-fb49-f4f2-7778-07a5892e6c8a.htm" />
      </HelpTOCNode>
    </HelpTOCNode>
    <HelpTOCNode Title="IResponse Interface" Url="html/769a6569-17bd-95e4-9bac-82d2af009a5d.htm" />
    <HelpTOCNode Id="030c8b02-fcac-4d98-a33a-408ef9e90a9a" Title="ISubscriberOf(T) Interface" Url="html/9e614eef-b0b3-b47a-3e88-0a24762968c7.htm">
      <HelpTOCNode Title="ISubscriberOf(T) Members" Url="html/c35cddee-26df-45be-ec5a-e042b0b00255.htm" />
      <HelpTOCNode Id="19e345f2-2f48-40c1-a0b6-176cb9263590" Title="ISubscriberOf(T) Methods" Url="html/415f772e-b165-c8b7-1514-4978830a2fd8.htm">
        <HelpTOCNode Title="ProcessMessage Method " Url="html/0c86a721-b2c5-f142-7d70-6f33949e98e5.htm" />
      </HelpTOCNode>
    </HelpTOCNode>
  </HelpTOCNode>
</HelpTOC>
